-- MySQL dump 10.13  Distrib 8.0.19, for Win64 (x86_64)
--
-- Host: localhost    Database: vk
-- ------------------------------------------------------
-- Server version	8.0.19

/*!40101 SET @OLD_CHARACTER_SET_CLIENT=@@CHARACTER_SET_CLIENT */;
/*!40101 SET @OLD_CHARACTER_SET_RESULTS=@@CHARACTER_SET_RESULTS */;
/*!40101 SET @OLD_COLLATION_CONNECTION=@@COLLATION_CONNECTION */;
/*!50503 SET NAMES utf8 */;
/*!40103 SET @OLD_TIME_ZONE=@@TIME_ZONE */;
/*!40103 SET TIME_ZONE='+00:00' */;
/*!40014 SET @OLD_UNIQUE_CHECKS=@@UNIQUE_CHECKS, UNIQUE_CHECKS=0 */;
/*!40014 SET @OLD_FOREIGN_KEY_CHECKS=@@FOREIGN_KEY_CHECKS, FOREIGN_KEY_CHECKS=0 */;
/*!40101 SET @OLD_SQL_MODE=@@SQL_MODE, SQL_MODE='NO_AUTO_VALUE_ON_ZERO' */;
/*!40111 SET @OLD_SQL_NOTES=@@SQL_NOTES, SQL_NOTES=0 */;

--
-- Table structure for table `comments`
--

DROP TABLE IF EXISTS `comments`;
/*!40101 SET @saved_cs_client     = @@character_set_client */;
/*!50503 SET character_set_client = utf8mb4 */;
CREATE TABLE `comments` (
  `id` int unsigned NOT NULL AUTO_INCREMENT,
  `user_id` int unsigned NOT NULL,
  `created_at` datetime DEFAULT CURRENT_TIMESTAMP,
  `comment_txt` text NOT NULL,
  `post_id` int unsigned DEFAULT NULL,
  `mother_comment_id` int unsigned DEFAULT NULL,
  PRIMARY KEY (`id`)
) ENGINE=InnoDB AUTO_INCREMENT=101 DEFAULT CHARSET=utf8mb4 COLLATE=utf8mb4_0900_ai_ci;
/*!40101 SET character_set_client = @saved_cs_client */;

--
-- Dumping data for table `comments`
--

LOCK TABLES `comments` WRITE;
/*!40000 ALTER TABLE `comments` DISABLE KEYS */;
INSERT INTO `comments` VALUES (1,5,'1992-08-21 09:18:08','In ab quia ratione iusto. Voluptatem ducimus assumenda quis quod corporis. Consequatur animi magnam natus et praesentium. Ipsam dicta odit doloribus et beatae. Omnis ut corporis cumque quia praesentium.',1,13),(2,73,'2018-01-31 22:03:27','Voluptatem non et delectus omnis quae aut distinctio blanditiis. Minima dolores quia cum beatae tenetur esse dolorum. Possimus atque possimus alias eos asperiores laudantium est deserunt. Tenetur perspiciatis facere sed dolorum alias.',NULL,23),(3,98,'1994-05-26 18:20:52','Vero architecto esse maiores rerum. Est repellendus natus at. Rem quia totam est facilis assumenda rerum et perspiciatis. Eos rerum qui aut ut adipisci possimus dicta.',NULL,44),(4,66,'1996-08-03 09:50:47','Itaque commodi ea dolorem. Deserunt aut aliquid est consequatur numquam. Ipsa impedit laborum labore et amet. Mollitia sed mollitia mollitia sit commodi.',NULL,0),(5,19,'1981-10-19 21:02:12','Excepturi adipisci corrupti cumque beatae quia cumque. Et voluptates consequatur quibusdam autem. Eveniet in inventore modi quis. Sed vero ipsum omnis cum alias qui ea. Ut dolore exercitationem ab dolores.',5,0),(6,49,'2009-06-11 06:21:19','Et aliquam commodi error blanditiis deleniti consectetur. Nesciunt blanditiis saepe quo et et repellat possimus. Sapiente ipsa vel et totam nesciunt quam. Delectus saepe quia sed illo id et voluptatem.',6,14),(7,92,'2009-03-09 15:35:39','Iure quia exercitationem ipsam cum facilis. Sit nihil repudiandae et reiciendis quis quia. Eum iusto ipsa dolor sit sequi nihil. Blanditiis rem blanditiis provident incidunt.',NULL,0),(8,69,'2013-04-18 06:11:34','Sit blanditiis natus quia in. Et non labore et sit voluptas animi voluptatem autem. Nihil provident id qui inventore. Et cumque nisi blanditiis aliquam mollitia rerum tempore.',NULL,95),(9,45,'1970-12-13 08:54:25','In tempore aliquam facilis blanditiis aut sed. Nihil consequuntur sapiente est veritatis dolorem corporis quidem eum. Nihil dolorem ab nesciunt dolores nihil unde. Sed esse dolorum quia quisquam ut.',NULL,35),(10,93,'2006-06-04 06:31:26','Aut non excepturi mollitia eos eos atque. Repudiandae occaecati culpa porro a maxime vel consequatur.',NULL,0),(11,73,'2010-02-26 10:29:57','Laudantium molestias voluptatem corrupti quam doloremque rerum. Corrupti et ipsum est itaque blanditiis. Excepturi quaerat temporibus eum consectetur laborum. Quis qui qui sint repellendus vero dolore quis. Ut et et distinctio.',11,63),(12,38,'2002-01-01 02:47:39','Totam ipsam non sapiente eveniet ut vero non. Debitis dolor totam provident dolores aut quibusdam a quisquam. Iste praesentium voluptatem quia molestias et ut inventore.',12,0),(13,39,'1994-03-17 03:23:12','Quo non non assumenda illo nobis pariatur animi. Voluptas assumenda omnis est iure modi quo nesciunt. Eius iste et minus iste libero dolorem earum quae. Quas eius odio aut doloribus est.',13,13),(14,82,'1990-08-13 19:02:46','Commodi corporis voluptas quidem adipisci magnam illum sunt. Doloribus tempore in qui ut nostrum consequatur praesentium. Est vel et excepturi mollitia in ab. Et officia laboriosam aspernatur.',14,0),(15,22,'2001-05-25 13:56:22','Ullam et qui sed hic aliquid totam. Ut adipisci corrupti optio qui molestias voluptate qui.',15,57),(16,54,'1979-02-09 15:23:17','Sequi sit culpa minima ratione non delectus quae ipsa. Illum iste repellat sed illo. Eos nihil aut neque blanditiis. Fugit veniam eum facere in tempore.',NULL,0),(17,90,'1979-07-30 17:59:47','At quo modi optio architecto quasi sed tempore error. Vel accusamus est error asperiores.',NULL,0),(18,8,'2002-07-09 05:17:46','A pariatur labore ea iusto. Perspiciatis illo porro rerum veritatis expedita. Voluptatem culpa reiciendis ut consequatur reiciendis qui.',18,100),(19,76,'1994-06-05 21:52:41','Id id autem molestiae a. Fuga non omnis perferendis voluptatem ut sunt. Rerum blanditiis et est officia esse non expedita modi. Molestias omnis qui in autem distinctio sit rerum itaque. Numquam qui hic quos aut.',NULL,0),(20,92,'1985-06-24 19:41:39','Qui debitis praesentium quam et. Et deleniti non incidunt eveniet odio omnis qui. Ad asperiores blanditiis laudantium ad voluptatem quasi nesciunt. Eos delectus deserunt ratione numquam ex fugit nihil qui.',NULL,0),(21,37,'1971-11-20 02:03:24','Soluta repellat et quod enim voluptas perspiciatis quisquam enim. Quasi quas laborum culpa vel rerum sapiente ab rerum. Vel praesentium reprehenderit alias quia inventore fugiat.',21,63),(22,10,'1972-11-10 03:31:27','Sed voluptas necessitatibus voluptatem ea blanditiis placeat recusandae. A nam quos velit enim at dignissimos. Quibusdam id et consequatur fuga animi.',22,0),(23,88,'1971-09-29 07:04:00','Libero eum reiciendis aliquam qui dolore minus. Et voluptatem sunt ex et est provident ea. Non sint vitae quidem maiores dolores ipsam dolores. Dolor ut enim iure animi distinctio et autem.',NULL,0),(24,84,'1994-06-08 10:49:28','Et aspernatur incidunt ea qui asperiores illo quos repudiandae. Laborum debitis ut iste quaerat aut magnam iste quaerat. Et a aspernatur expedita.',NULL,0),(25,93,'2011-10-31 17:17:40','Dolores nisi aut commodi qui et enim. Quas veritatis mollitia tempora autem nobis consequatur et laudantium. Velit quam distinctio commodi recusandae ut explicabo cupiditate magnam.',25,0),(26,49,'1976-09-19 04:04:38','Quam doloribus maiores molestiae tempore quia. Natus qui laboriosam omnis accusamus. Nisi et et omnis architecto. Aperiam voluptate tenetur et voluptatem aliquam tenetur quis.',NULL,44),(27,10,'2003-05-06 09:40:47','Id iusto sint omnis suscipit est. Ut consequatur sunt molestiae. Mollitia voluptates quasi quos. Ea qui vitae et. Rerum incidunt ut quis.',27,25),(28,60,'1975-02-21 02:39:14','Minus ullam sint vel ut sit. Maxime culpa rem maxime mollitia voluptatem. Quia unde pariatur amet repellendus est.',NULL,56),(29,31,'2017-05-03 23:23:20','Qui provident exercitationem nobis numquam id cum. Ipsum et voluptatem autem. Omnis neque non dolorem nihil animi sint optio ipsum. Id veniam aut repellendus.',NULL,99),(30,53,'1991-07-26 07:51:51','Neque quibusdam ad blanditiis voluptatem nam. Fugiat reprehenderit quaerat nesciunt natus ex qui. Possimus beatae ut doloremque vel quasi magni enim. Hic ab sunt et voluptas et.',30,0),(31,63,'2007-09-03 11:23:22','Fugit et necessitatibus ut qui. Molestiae officia cupiditate distinctio enim praesentium itaque cumque inventore.',31,8),(32,94,'1970-08-19 02:20:30','Dolor facilis at iste molestias. Nihil et voluptatem amet qui neque eum. Saepe in quod fugiat explicabo ea sed. Vero sed perspiciatis qui nostrum itaque.',32,0),(33,19,'1973-10-08 19:33:55','Necessitatibus est nemo voluptatum aperiam. Explicabo corporis quo fugit ipsum minima consequatur dolore. Minus incidunt sit esse laborum.',33,75),(34,56,'2002-10-30 08:13:59','Harum distinctio consequatur explicabo assumenda voluptates. A sint ducimus dolores molestiae consequuntur. Cum eveniet aut eos eum quae. Magnam consequatur alias aut maxime eaque praesentium.',NULL,0),(35,16,'1981-11-23 17:07:21','Nesciunt voluptas est et ipsa. Et aut corporis qui doloremque ipsum corporis. Ad illum corporis cumque est ut et. Corporis quia doloribus cupiditate corporis perferendis libero.',35,23),(36,46,'1982-03-08 16:59:54','Assumenda nemo ut doloremque quam nemo facilis. Quas repellat architecto velit est. Qui ut debitis nihil nesciunt quis officiis voluptatum.',NULL,0),(37,33,'1987-10-26 15:15:14','Dolores ipsum cumque tenetur nulla. Omnis nobis illum molestiae libero qui perferendis sint.',37,0),(38,51,'2001-07-21 19:45:56','Recusandae expedita officia cumque culpa voluptatibus id. Quia sint sunt molestiae iste ipsa iste. Quod rerum ad velit voluptas id est ad.',38,4),(39,37,'1982-02-02 12:25:15','Nobis nam iure ut sit exercitationem eaque quo. Nesciunt repellendus eum voluptatum alias eveniet.',39,0),(40,58,'1989-03-01 23:43:57','Non iste praesentium rerum voluptatum ea enim et. Ipsum ex laudantium necessitatibus aut est.',NULL,0),(41,84,'1989-11-17 21:59:26','Aut voluptatem consequuntur quia quidem. Suscipit fugit ipsum molestiae omnis. Quam autem in sequi modi atque. Rem soluta modi harum voluptates eveniet.',NULL,36),(42,7,'1993-03-02 08:59:12','Deserunt ipsum nihil vitae minima ea soluta. Consequuntur dolores accusamus tempore. Rem commodi dolores eos consequuntur animi.',42,84),(43,93,'2007-07-31 14:08:24','Et beatae quia id. Ut quo qui aut ut et magni deserunt. Quod quo illo ex odit voluptas aut. Quis commodi aut ratione quisquam nam deleniti natus laudantium.',NULL,62),(44,90,'2001-08-18 08:21:40','Voluptas aliquid dolores quia voluptatem. Fugiat est delectus qui alias. Est consequuntur quaerat officia ut natus.',NULL,0),(45,58,'1993-04-19 08:48:21','Nisi consequatur nihil voluptatem. Architecto cupiditate pariatur repellat sunt placeat est labore. Veniam id possimus qui iure illum voluptas quas.',NULL,0),(46,67,'2005-11-21 21:42:37','Autem eum pariatur ut vitae commodi non veritatis. Vero consectetur ea minima vel consectetur nam eum. Repudiandae porro incidunt ea reprehenderit atque earum sint. Deleniti nihil repellendus quo.',NULL,0),(47,13,'1986-04-15 17:05:04','Officia tenetur dolorem quidem nostrum rem. Id ut et et aut possimus. Natus eligendi velit reprehenderit iusto sit tempora.',47,0),(48,42,'2008-01-30 03:38:40','Laudantium itaque molestias sunt amet velit ipsam saepe. Inventore est incidunt et est nihil autem voluptates. Dolorem quibusdam impedit dolorem doloribus quod. Voluptatum necessitatibus exercitationem cupiditate eos ipsum nihil molestiae est.',48,0),(49,91,'1998-06-22 16:20:48','Enim natus possimus minus at unde. Quia harum natus vel. Nemo quo officia id recusandae.',NULL,0),(50,18,'2014-12-02 11:38:17','Consectetur tempore temporibus excepturi dolor sed ipsa possimus. Quis autem quia qui totam nam ut neque. Velit veritatis suscipit nihil reiciendis dicta sit expedita. Eos deserunt sed nostrum minima.',50,0),(51,65,'1971-01-15 21:01:29','Delectus dolorem saepe aliquam aut deleniti nihil. Temporibus accusamus itaque placeat ratione. Itaque exercitationem cupiditate nemo recusandae sapiente aut. Sunt nisi omnis suscipit molestiae.',NULL,26),(52,3,'1990-06-11 02:57:38','Nemo voluptate autem expedita sunt provident maxime. Nam illum nobis placeat quam voluptas. Voluptatem amet natus sapiente. Molestiae aut est consectetur et.',52,0),(53,96,'2012-06-10 04:50:14','Veniam tenetur qui amet quaerat eius. Dolor voluptates rem sed aperiam quo fuga soluta est. Quia voluptatum et dignissimos rerum. Sed sunt provident tempora veniam eveniet maxime est molestiae.',NULL,56),(54,14,'2016-11-29 19:07:17','Et dolorem voluptas omnis repellendus nihil in dolore. Iusto molestiae id et accusamus recusandae.',54,78),(55,83,'1978-12-16 08:35:02','Sed saepe mollitia reprehenderit ipsum iste. Necessitatibus et maiores libero ad sapiente inventore rerum. Ipsum porro alias deserunt quis.',NULL,0),(56,2,'1971-06-28 18:32:07','Aut sit ducimus laudantium doloremque. Officiis et quibusdam repellat rem et amet. Cum eveniet porro minus ipsam ab soluta nulla.',56,31),(57,37,'2000-02-01 07:54:47','Dolores quia architecto fugiat. Quis nemo facere quo fuga debitis. Exercitationem consequatur nam perferendis aut nesciunt. Qui vitae non cum architecto.',57,38),(58,59,'1995-04-07 11:38:39','Nesciunt adipisci soluta sed reprehenderit omnis veritatis voluptas. Enim officia rerum recusandae nihil eum. Deserunt expedita a beatae in temporibus et officia.',NULL,75),(59,34,'2017-12-06 13:58:22','Aliquid minima facilis facilis et explicabo modi autem officiis. Non vitae consequatur quae unde quia quia. Ipsam nesciunt veritatis nobis aut molestias voluptatem.',59,0),(60,81,'1974-06-04 21:07:54','Ex totam iure soluta vitae maiores veritatis. Inventore est totam fugit. Cumque et est esse omnis.',NULL,42),(61,40,'2002-05-04 11:40:14','Est deleniti modi cum nulla ab et illum. Dicta ipsam dignissimos eos dolores velit. Et quasi ducimus quod molestias molestias ipsa illum. Vel nam sed omnis occaecati temporibus temporibus ea.',61,75),(62,4,'1977-11-27 00:04:01','Alias molestias quia delectus. Ut voluptatem repudiandae rerum dolorem asperiores perferendis. Voluptatem non architecto quis aspernatur omnis omnis. Eveniet enim autem libero possimus hic natus unde.',62,0),(63,92,'2002-04-04 00:13:33','Corporis rem quaerat eos eum. Dolor illum quisquam est fugit nulla ducimus. Et expedita et eveniet enim nihil.',NULL,48),(64,71,'1974-03-22 07:19:28','Deleniti reiciendis et sunt autem. Quasi corporis blanditiis ullam corporis. Repudiandae in dolorem neque voluptatem.',64,0),(65,5,'2017-08-28 12:15:36','Tenetur aut blanditiis vero voluptate aut vel animi. Repellat est excepturi et qui dolores adipisci. Et tempora vel aut. Saepe in reiciendis voluptate incidunt voluptatem.',65,0),(66,71,'1977-03-22 21:56:51','Inventore tempore ut in voluptatem dignissimos ut necessitatibus perspiciatis. Asperiores neque illum praesentium cumque sed. Consectetur repellendus minus in est ipsa.',66,21),(67,55,'1985-01-25 22:08:39','Sed nemo quis temporibus placeat omnis maiores totam. Deleniti et voluptatibus esse adipisci dignissimos dolor. Iste mollitia inventore quia accusantium voluptates. Tempora iusto eum in quia.',67,0),(68,98,'2003-07-21 06:15:53','Tempore impedit quisquam voluptas labore. Sed distinctio rerum labore facere occaecati. Laudantium voluptatem sunt voluptas repudiandae sit. A nesciunt ea et voluptatem qui quod ut. Repellendus ad accusantium officiis eaque quia animi.',68,0),(69,5,'2005-04-03 04:47:57','Amet amet sit ducimus cupiditate ad. Nulla ea est sint. Sed eum facilis quo molestias sed. Quidem ut assumenda inventore explicabo est atque nostrum.',69,71),(70,56,'1975-05-10 03:22:19','Et eos deserunt eius et nobis qui. Commodi nostrum quam quos. Qui ipsam expedita iste eum saepe et et sed. Ratione consequatur earum et porro facilis.',70,18),(71,73,'1997-04-15 23:20:18','Molestiae tenetur quo nihil error. Inventore velit quia dignissimos dolorum. Quia aut maiores esse velit.',NULL,0),(72,57,'1996-06-20 09:46:18','Incidunt eos reiciendis in nesciunt. Esse similique recusandae unde sint incidunt. Et quis non quibusdam beatae est debitis.',NULL,0),(73,26,'2004-11-02 11:40:28','Est iure odit modi consequatur. Dolor pariatur eos inventore ipsa enim inventore. Ut esse laudantium soluta vel.',73,0),(74,48,'2003-10-15 08:37:02','Ex possimus natus tempora expedita quo numquam sit. Sint praesentium fugit sint rerum qui provident. Quaerat rem enim totam sed quam autem.',74,0),(75,44,'2000-04-24 23:02:34','Sapiente maiores aut quaerat inventore aliquid incidunt sint asperiores. Exercitationem quidem laudantium reprehenderit distinctio. Voluptatem qui illo dolore enim delectus consequatur iure. Dignissimos inventore molestiae rerum aperiam velit.',75,0),(76,45,'2012-05-06 00:36:44','Voluptatem architecto nesciunt qui quis laudantium eos. Vero vel est labore animi ut sit. Dolorum fugiat in culpa illum dolorem voluptatum. Aut autem rerum praesentium consequuntur molestiae reprehenderit.',76,0),(77,20,'1978-08-18 05:26:21','Ea aut est aut nesciunt quasi. Voluptatum perferendis est non labore. Excepturi non non quia voluptatibus vel qui fugit reiciendis. Laboriosam quae quis incidunt quibusdam voluptatem quod ea. Dolores illo aut et ratione delectus quisquam.',NULL,73),(78,37,'2020-03-31 08:25:30','Enim quod quibusdam earum dolor corrupti omnis. Voluptates illo adipisci et. Quia et voluptas recusandae et ratione molestiae natus. Dolorem repellat sapiente aut velit quas.',78,0),(79,21,'2001-02-28 01:16:52','Quia iusto voluptas est temporibus labore earum omnis. Et possimus accusantium necessitatibus consectetur possimus. Possimus officia molestias reiciendis dolorum accusantium dolorem recusandae suscipit. Et omnis et placeat.',NULL,26),(80,65,'2015-08-10 20:29:31','Et quam ullam iste sit. Quae doloribus rerum est in corrupti. Maiores enim incidunt vel similique quam sunt.',NULL,61),(81,7,'2012-05-17 23:44:33','Voluptatum ea dolores rerum et libero aliquid iste. Nobis consequatur ipsum consequatur dicta.',81,0),(82,62,'2008-03-04 14:49:50','Distinctio voluptatem debitis ut quam consequatur. Ea magnam voluptatibus non qui tempore dolorem alias non. Voluptas animi odit saepe accusamus iure rerum aut at.',82,0),(83,97,'1981-06-03 04:56:13','Aperiam doloribus id assumenda amet. Quam officiis ratione magni. Fugiat aut harum totam totam ut ea tenetur.',NULL,0),(84,39,'2001-08-01 21:03:04','Cum quis praesentium minima cumque blanditiis. Velit quae itaque cum ex maxime. Consequatur possimus earum est exercitationem quia sit.',84,0),(85,79,'1991-01-20 19:21:16','Similique optio delectus eos ea dolores reiciendis illo. Eum modi enim cumque et et. Blanditiis cum eum voluptatem aut. Explicabo doloribus velit sint qui.',NULL,19),(86,54,'2006-08-13 23:12:42','Consequatur non facere ut iusto repudiandae consequatur aut. Numquam neque et quibusdam aut molestiae ea. Nisi natus nam rerum eum natus officia id. Ullam minus sequi repellat unde.',86,0),(87,79,'1998-08-24 13:32:25','Reiciendis ducimus voluptatibus voluptate ullam. Et et in ratione alias consequatur perspiciatis suscipit. Eligendi reiciendis id consequatur modi. Et quo velit temporibus sapiente.',NULL,0),(88,27,'1978-07-04 10:18:05','Qui et repellendus aliquam. Non eum modi consequatur rerum dolor quia. Quia esse ipsam incidunt aut.',NULL,28),(89,94,'1980-10-18 08:17:39','Quibusdam delectus explicabo voluptatibus odit esse qui. Delectus est ut ratione quam nihil eaque et esse. Autem eligendi saepe ut sed.',NULL,57),(90,29,'1970-10-15 20:05:32','Molestiae quasi dolorem et nemo reiciendis voluptas. Vel quam architecto nostrum minima. Excepturi molestiae sed rerum consequatur. Aut velit quae quia voluptates. Odio iure iusto laborum.',NULL,82),(91,62,'1983-05-21 05:05:14','Harum deleniti facere fuga et voluptates itaque magni. Fugiat nemo quis qui nihil.',NULL,87),(92,34,'1972-03-09 12:53:01','Sed dicta omnis modi veritatis itaque a. Eos explicabo veniam aperiam. Expedita ut temporibus nihil unde id.',92,0),(93,47,'1973-02-07 11:43:26','Voluptatem accusamus molestiae voluptas rerum. Sapiente molestias ut officiis aut cumque et et.',NULL,21),(94,41,'2005-01-08 06:52:01','Nihil fuga qui nulla hic cum sit consectetur quidem. Quia molestias nemo tempore voluptas officia accusantium autem voluptas. Id vel sit quia dolorem provident.',NULL,0),(95,47,'1984-06-19 22:38:45','Error est officiis necessitatibus est. Sapiente ut eligendi debitis officiis quaerat temporibus. Animi officia illo molestiae asperiores ut. Saepe voluptatem nihil dolor.',NULL,0),(96,89,'2018-04-10 06:18:34','Earum veniam id id repellat temporibus rem veritatis. Consequatur sed cum explicabo quos suscipit culpa. Autem iure velit beatae ut quia ut at. Ea est qui nobis voluptatibus minus quisquam.',NULL,75),(97,80,'2004-11-10 22:22:03','Sed voluptatem necessitatibus est eveniet. Aut in quo quaerat. Incidunt et quia et ducimus facilis commodi.',NULL,18),(98,86,'1992-04-04 18:51:01','Accusantium nam odit natus voluptatum provident sunt earum. Possimus quae in harum minima fugiat harum. Aliquid amet cupiditate reiciendis odio soluta. Odit possimus illum voluptas doloribus similique corrupti harum aut.',98,0),(99,20,'1978-01-25 02:31:13','Quia aliquid eos consequatur facilis. Repellat rem distinctio quisquam officiis. Aut ea laboriosam tempore consequatur inventore unde et.',99,14),(100,70,'1986-03-10 22:52:11','Perferendis neque deserunt recusandae soluta cum et. Dolore excepturi recusandae qui sint. Et beatae corrupti occaecati nemo fugit blanditiis. Quisquam et assumenda dolor.',100,0);
/*!40000 ALTER TABLE `comments` ENABLE KEYS */;
UNLOCK TABLES;

--
-- Table structure for table `communities`
--

DROP TABLE IF EXISTS `communities`;
/*!40101 SET @saved_cs_client     = @@character_set_client */;
/*!50503 SET character_set_client = utf8mb4 */;
CREATE TABLE `communities` (
  `id` int unsigned NOT NULL AUTO_INCREMENT,
  `name` varchar(150) NOT NULL,
  PRIMARY KEY (`id`),
  UNIQUE KEY `name` (`name`)
) ENGINE=InnoDB AUTO_INCREMENT=101 DEFAULT CHARSET=utf8mb4 COLLATE=utf8mb4_0900_ai_ci;
/*!40101 SET character_set_client = @saved_cs_client */;

--
-- Dumping data for table `communities`
--

LOCK TABLES `communities` WRITE;
/*!40000 ALTER TABLE `communities` DISABLE KEYS */;
INSERT INTO `communities` VALUES (79,'a'),(66,'adipisci'),(50,'aliquam'),(58,'aliquid'),(67,'amet'),(20,'animi'),(54,'architecto'),(94,'asperiores'),(28,'assumenda'),(33,'aut'),(81,'autem'),(39,'beatae'),(75,'blanditiis'),(13,'commodi'),(64,'consectetur'),(8,'consequatur'),(55,'corporis'),(72,'cumque'),(38,'cupiditate'),(68,'debitis'),(5,'dicta'),(10,'distinctio'),(71,'dolor'),(73,'dolore'),(31,'doloremque'),(97,'dolores'),(95,'doloribus'),(51,'dolorum'),(30,'ea'),(7,'earum'),(61,'eligendi'),(27,'enim'),(43,'est'),(42,'et'),(83,'eum'),(59,'eveniet'),(69,'ex'),(89,'excepturi'),(88,'exercitationem'),(37,'explicabo'),(34,'facere'),(18,'fuga'),(65,'fugiat'),(91,'fugit'),(29,'hic'),(47,'impedit'),(11,'in'),(49,'incidunt'),(41,'ipsa'),(70,'iste'),(80,'iusto'),(87,'laboriosam'),(9,'laborum'),(57,'laudantium'),(98,'magnam'),(3,'maiores'),(48,'maxime'),(90,'minus'),(4,'modi'),(40,'molestiae'),(35,'molestias'),(6,'mollitia'),(92,'natus'),(100,'neque'),(36,'nihil'),(21,'nobis'),(17,'non'),(96,'nulla'),(62,'numquam'),(45,'occaecati'),(14,'officia'),(19,'omnis'),(84,'optio'),(93,'perferendis'),(23,'quasi'),(15,'qui'),(85,'quia'),(53,'quibusdam'),(82,'quis'),(22,'quisquam'),(24,'quo'),(12,'quod'),(1,'reiciendis'),(44,'rem'),(52,'rerum'),(99,'saepe'),(60,'sapiente'),(56,'sed'),(74,'sint'),(32,'sit'),(78,'soluta'),(86,'sunt'),(76,'suscipit'),(26,'ut'),(77,'vel'),(63,'veniam'),(25,'voluptas'),(2,'voluptatem'),(16,'voluptatibus'),(46,'voluptatum');
/*!40000 ALTER TABLE `communities` ENABLE KEYS */;
UNLOCK TABLES;

--
-- Table structure for table `communities_links`
--

DROP TABLE IF EXISTS `communities_links`;
/*!40101 SET @saved_cs_client     = @@character_set_client */;
/*!50503 SET character_set_client = utf8mb4 */;
CREATE TABLE `communities_links` (
  `community_id` int unsigned NOT NULL,
  `link` varchar(150) NOT NULL,
  UNIQUE KEY `link` (`link`)
) ENGINE=InnoDB DEFAULT CHARSET=utf8mb4 COLLATE=utf8mb4_0900_ai_ci;
/*!40101 SET character_set_client = @saved_cs_client */;

--
-- Dumping data for table `communities_links`
--

LOCK TABLES `communities_links` WRITE;
/*!40000 ALTER TABLE `communities_links` DISABLE KEYS */;
/*!40000 ALTER TABLE `communities_links` ENABLE KEYS */;
UNLOCK TABLES;

--
-- Table structure for table `communities_users`
--

DROP TABLE IF EXISTS `communities_users`;
/*!40101 SET @saved_cs_client     = @@character_set_client */;
/*!50503 SET character_set_client = utf8mb4 */;
CREATE TABLE `communities_users` (
  `community_id` int unsigned NOT NULL,
  `user_id` int unsigned NOT NULL,
  PRIMARY KEY (`community_id`,`user_id`)
) ENGINE=InnoDB DEFAULT CHARSET=utf8mb4 COLLATE=utf8mb4_0900_ai_ci;
/*!40101 SET character_set_client = @saved_cs_client */;

--
-- Dumping data for table `communities_users`
--

LOCK TABLES `communities_users` WRITE;
/*!40000 ALTER TABLE `communities_users` DISABLE KEYS */;
INSERT INTO `communities_users` VALUES (1,77),(2,17),(3,45),(4,2),(5,57),(6,88),(7,17),(8,1),(9,81),(10,53),(11,34),(12,79),(13,50),(14,13),(15,64),(16,60),(17,87),(18,76),(19,36),(20,36),(21,69),(22,43),(23,95),(24,68),(25,6),(26,77),(27,55),(28,56),(29,86),(30,68),(31,9),(32,62),(33,85),(34,54),(35,63),(36,41),(37,41),(38,79),(39,42),(40,21),(41,31),(42,76),(43,99),(44,81),(45,88),(46,63),(47,41),(48,75),(49,39),(50,77),(51,10),(52,8),(53,19),(54,4),(55,76),(56,25),(57,80),(58,31),(59,80),(60,65),(61,98),(62,89),(63,27),(64,83),(65,42),(66,90),(67,23),(68,82),(69,69),(70,65),(71,3),(72,100),(73,40),(74,2),(75,80),(76,28),(77,65),(78,21),(79,2),(80,4),(81,97),(82,11),(83,11),(84,15),(85,14),(86,86),(87,40),(88,94),(89,17),(90,19),(91,59),(92,15),(93,8),(94,85),(95,97),(96,50),(97,74),(98,20),(99,32),(100,42);
/*!40000 ALTER TABLE `communities_users` ENABLE KEYS */;
UNLOCK TABLES;

--
-- Table structure for table `friendship`
--

DROP TABLE IF EXISTS `friendship`;
/*!40101 SET @saved_cs_client     = @@character_set_client */;
/*!50503 SET character_set_client = utf8mb4 */;
CREATE TABLE `friendship` (
  `user_id` int unsigned NOT NULL,
  `friend_id` int unsigned NOT NULL,
  `status_id` int unsigned NOT NULL,
  `requested_at` datetime DEFAULT CURRENT_TIMESTAMP,
  `confirmed_at` datetime DEFAULT NULL,
  PRIMARY KEY (`user_id`,`friend_id`)
) ENGINE=InnoDB DEFAULT CHARSET=utf8mb4 COLLATE=utf8mb4_0900_ai_ci;
/*!40101 SET character_set_client = @saved_cs_client */;

--
-- Dumping data for table `friendship`
--

LOCK TABLES `friendship` WRITE;
/*!40000 ALTER TABLE `friendship` DISABLE KEYS */;
INSERT INTO `friendship` VALUES (1,86,2,'2002-01-04 19:35:38','2016-02-11 22:52:10'),(2,43,1,'1997-01-02 01:58:05','1975-05-29 08:32:14'),(3,12,3,'2004-02-27 15:14:18','2005-11-22 10:08:50'),(4,6,4,'1995-02-28 14:54:21','1980-12-10 01:33:41'),(5,85,4,'1982-04-18 07:46:02','2014-12-16 14:05:20'),(6,52,2,'2018-04-07 18:21:49','1985-01-15 19:04:07'),(7,21,1,'2010-02-06 14:55:20','1998-08-02 07:00:55'),(8,9,1,'1974-06-02 13:36:33','2005-10-31 02:28:29'),(9,42,4,'2005-12-23 17:22:29','1974-11-14 07:00:42'),(10,86,3,'1983-08-13 00:05:47','2003-09-12 12:14:02'),(11,38,3,'1996-03-22 12:20:06','1989-01-19 11:17:44'),(12,65,3,'2009-12-06 03:35:56','1975-05-30 11:28:07'),(13,36,1,'2004-07-17 00:15:07','2002-06-04 05:10:21'),(14,3,4,'1996-12-17 17:12:30','2010-02-22 00:43:09'),(15,90,2,'2005-12-27 16:34:47','1993-03-20 19:25:26'),(16,44,3,'1975-08-03 19:28:58','2018-12-11 21:00:33'),(17,69,4,'2014-06-14 08:17:39','1979-03-24 03:35:55'),(18,77,4,'1973-07-06 12:03:21','1970-04-14 21:55:59'),(19,49,4,'2008-06-30 09:53:58','1998-06-06 09:22:36'),(20,68,2,'1998-06-19 01:16:56','1997-11-14 17:54:09'),(21,78,1,'1975-09-19 02:07:27','1974-12-05 06:41:37'),(22,69,4,'2007-10-18 02:13:38','2008-01-28 04:00:49'),(23,24,4,'1977-02-17 22:20:45','1997-06-09 07:49:01'),(24,20,3,'2016-08-31 13:53:35','1978-03-23 09:25:08'),(25,55,1,'2015-03-25 23:37:19','1986-01-24 10:07:24'),(26,18,4,'1974-12-17 13:47:44','1984-10-30 22:00:24'),(27,58,4,'2005-12-12 22:22:51','2015-07-26 04:30:47'),(28,60,4,'1996-01-14 13:01:43','2016-07-15 17:49:28'),(29,86,3,'1977-04-06 14:56:10','1986-04-30 01:06:17'),(30,92,4,'2001-02-24 01:21:59','1996-12-22 12:18:08'),(31,92,2,'1992-05-25 11:59:42','2016-08-13 20:57:39'),(32,50,3,'1994-10-19 11:02:00','1995-07-03 07:07:34'),(33,21,2,'1980-01-15 07:00:54','2013-11-26 14:42:38'),(34,41,3,'1991-01-30 20:17:06','1984-07-15 00:48:21'),(35,8,1,'1974-09-03 04:13:41','1986-01-30 00:41:18'),(36,2,4,'2010-07-26 14:03:34','1985-07-05 01:20:33'),(37,28,3,'2010-08-15 09:00:30','1976-01-18 21:26:19'),(38,85,3,'2014-02-22 09:05:46','2000-01-02 21:26:36'),(39,47,1,'2012-06-28 01:50:21','2019-06-23 16:30:40'),(40,17,1,'2007-12-14 20:39:55','2015-10-14 00:41:07'),(41,9,2,'1975-05-07 04:34:30','1971-08-28 20:51:53'),(42,93,3,'1997-02-27 06:06:14','2010-12-08 12:13:56'),(43,15,3,'2000-09-27 10:15:48','1997-02-01 22:22:21'),(44,60,1,'2009-01-01 05:41:22','1993-07-02 03:45:42'),(45,14,3,'2012-09-24 19:51:39','1989-11-15 13:19:27'),(46,76,1,'1974-05-25 10:07:14','2005-12-06 15:24:10'),(47,86,2,'2016-05-19 05:24:56','1980-06-05 02:53:56'),(48,66,1,'1974-09-18 03:51:26','2013-01-18 10:17:48'),(49,52,1,'1984-12-15 04:47:47','2016-10-06 02:16:19'),(50,75,3,'1973-01-14 17:35:25','1970-12-21 00:12:24'),(51,15,4,'2012-11-20 22:29:54','1992-04-04 01:23:08'),(52,46,2,'2013-01-10 06:45:00','1986-04-07 20:20:44'),(53,46,2,'1987-05-28 03:53:12','2004-09-05 05:38:00'),(54,94,4,'2013-03-02 19:12:48','1998-01-09 12:52:34'),(55,34,1,'2016-04-19 17:59:10','2002-05-10 04:32:52'),(56,93,2,'1989-09-15 12:27:03','1971-05-22 03:45:47'),(57,45,4,'2013-11-22 13:21:08','1975-12-17 21:16:03'),(58,8,3,'1990-10-14 12:09:52','2018-09-25 15:13:57'),(59,36,3,'1989-04-22 03:53:35','2004-01-10 12:00:49'),(60,60,2,'1977-02-03 16:15:59','1982-01-21 00:03:33'),(61,19,2,'2017-04-03 16:17:12','1974-03-30 15:21:23'),(62,55,1,'1995-06-10 17:47:10','2014-06-29 03:53:18'),(63,61,1,'2015-05-08 03:17:10','2003-10-20 06:27:01'),(64,11,1,'1993-07-22 14:12:52','2001-05-07 22:14:21'),(65,26,4,'1997-09-17 09:59:28','1975-11-26 09:27:32'),(66,72,2,'1990-01-05 11:50:14','2012-08-03 15:58:51'),(67,61,1,'2003-11-04 19:22:48','1987-12-12 23:16:34'),(68,84,1,'1984-02-01 14:27:23','1986-10-08 09:57:25'),(69,46,4,'2016-06-05 11:42:00','1988-09-30 07:31:42'),(70,98,4,'2016-01-08 23:53:28','1987-04-09 02:15:15'),(71,88,4,'1989-01-31 19:24:34','2005-07-27 13:52:40'),(72,21,2,'1982-11-12 10:04:46','2011-02-11 04:51:17'),(73,75,2,'2002-09-04 22:39:31','2006-08-27 08:15:05'),(74,91,1,'1977-09-09 06:24:56','1997-02-01 13:58:04'),(75,96,2,'1986-12-04 11:23:42','1995-12-08 11:44:53'),(76,59,1,'1973-04-30 04:25:16','1989-08-11 19:06:01'),(77,86,1,'1991-03-22 14:00:52','2013-02-18 23:14:44'),(78,18,2,'1990-12-09 17:27:31','1978-08-30 08:23:10'),(79,33,2,'1976-01-27 03:55:11','1974-10-29 06:46:48'),(80,59,3,'1996-05-01 08:32:09','1989-06-24 08:08:03'),(81,13,2,'1997-02-24 19:17:05','1971-03-08 00:16:11'),(82,100,3,'1989-05-07 10:30:42','1990-07-15 19:08:35'),(83,47,4,'1976-07-25 15:18:31','1984-11-16 07:59:26'),(84,79,4,'1982-02-07 21:08:47','2014-11-15 16:15:26'),(85,60,4,'2008-05-18 20:01:59','2008-08-24 18:10:08'),(86,72,2,'1992-07-03 13:48:34','2016-07-23 07:25:04'),(87,65,4,'1982-06-06 04:08:30','2007-02-16 18:50:06'),(88,79,2,'1984-08-14 08:03:23','1993-07-01 04:01:24'),(89,21,3,'1991-03-07 19:42:02','2000-05-16 18:56:23'),(90,49,1,'2003-10-24 17:33:07','2019-07-14 19:36:12'),(91,19,1,'1971-11-20 13:54:47','1972-08-25 12:10:28'),(92,30,1,'1980-02-26 16:52:50','1984-04-10 11:57:18'),(93,21,2,'2005-11-12 09:43:21','2007-07-06 15:05:44'),(94,51,3,'2017-12-31 00:12:49','1986-10-11 00:16:25'),(95,76,1,'2015-05-04 03:19:15','1974-06-20 14:50:21'),(96,13,4,'2006-01-23 01:51:29','1999-08-18 01:49:00'),(97,39,1,'2000-09-26 00:01:32','2001-06-02 17:05:15'),(98,62,4,'2015-10-13 23:17:42','2019-07-24 09:27:44'),(99,95,2,'1985-02-07 06:02:11','1974-06-21 14:38:18'),(100,78,3,'1970-04-04 20:35:42','1975-10-19 05:48:03');
/*!40000 ALTER TABLE `friendship` ENABLE KEYS */;
UNLOCK TABLES;

--
-- Table structure for table `friendship_statuses`
--

DROP TABLE IF EXISTS `friendship_statuses`;
/*!40101 SET @saved_cs_client     = @@character_set_client */;
/*!50503 SET character_set_client = utf8mb4 */;
CREATE TABLE `friendship_statuses` (
  `id` int unsigned NOT NULL AUTO_INCREMENT,
  `name` varchar(150) NOT NULL,
  PRIMARY KEY (`id`),
  UNIQUE KEY `name` (`name`)
) ENGINE=InnoDB AUTO_INCREMENT=5 DEFAULT CHARSET=utf8mb4 COLLATE=utf8mb4_0900_ai_ci;
/*!40101 SET character_set_client = @saved_cs_client */;

--
-- Dumping data for table `friendship_statuses`
--

LOCK TABLES `friendship_statuses` WRITE;
/*!40000 ALTER TABLE `friendship_statuses` DISABLE KEYS */;
INSERT INTO `friendship_statuses` VALUES (3,' confirmed'),(2,'none'),(1,'rejected'),(4,'requested');
/*!40000 ALTER TABLE `friendship_statuses` ENABLE KEYS */;
UNLOCK TABLES;

--
-- Table structure for table `likes`
--

DROP TABLE IF EXISTS `likes`;
/*!40101 SET @saved_cs_client     = @@character_set_client */;
/*!50503 SET character_set_client = utf8mb4 */;
CREATE TABLE `likes` (
  `id` int unsigned NOT NULL AUTO_INCREMENT,
  `post_id` int unsigned NOT NULL,
  `user_id` int unsigned NOT NULL,
  `created_at` datetime DEFAULT CURRENT_TIMESTAMP,
  `reaction_id` int unsigned NOT NULL,
  PRIMARY KEY (`id`)
) ENGINE=InnoDB AUTO_INCREMENT=101 DEFAULT CHARSET=utf8mb4 COLLATE=utf8mb4_0900_ai_ci;
/*!40101 SET character_set_client = @saved_cs_client */;

--
-- Dumping data for table `likes`
--

LOCK TABLES `likes` WRITE;
/*!40000 ALTER TABLE `likes` DISABLE KEYS */;
INSERT INTO `likes` VALUES (1,1,5,'2001-09-25 17:56:58',3),(2,2,38,'1978-02-18 01:01:32',5),(3,3,74,'1981-01-30 23:49:43',4),(4,4,21,'2006-10-10 10:38:27',4),(5,5,68,'1979-02-06 20:49:36',1),(6,6,1,'2019-09-21 13:04:20',3),(7,7,17,'2016-04-23 18:42:58',5),(8,8,61,'2002-10-02 02:29:32',5),(9,9,84,'1984-11-09 01:48:21',4),(10,10,20,'2015-07-02 21:40:34',4),(11,11,66,'2018-07-17 21:20:13',1),(12,12,22,'1998-07-14 04:36:20',4),(13,13,84,'1987-06-21 04:20:19',1),(14,14,72,'1979-11-07 17:42:42',3),(15,15,9,'1986-09-15 12:37:24',3),(16,16,91,'1987-03-09 20:26:10',5),(17,17,49,'1988-03-20 02:52:52',2),(18,18,82,'2015-10-07 01:16:12',4),(19,19,28,'1983-09-21 14:46:51',2),(20,20,93,'1995-03-03 05:42:34',2),(21,21,64,'2007-11-26 23:32:26',2),(22,22,16,'2016-08-08 23:06:31',3),(23,23,41,'1991-10-27 06:48:04',2),(24,24,85,'2002-02-25 13:53:17',1),(25,25,17,'1974-10-04 14:02:01',4),(26,26,9,'2015-11-13 18:50:18',1),(27,27,44,'1991-05-24 00:07:19',5),(28,28,89,'1980-12-08 11:14:33',5),(29,29,96,'1990-10-12 04:05:41',2),(30,30,93,'1996-05-01 00:37:55',5),(31,31,3,'1971-07-09 23:11:21',2),(32,32,74,'2012-04-03 21:22:40',2),(33,33,16,'2019-10-02 13:17:31',5),(34,34,85,'2001-03-07 12:42:05',5),(35,35,1,'1990-11-18 23:13:24',5),(36,36,78,'1985-05-22 00:03:53',1),(37,37,98,'1999-08-17 00:32:31',4),(38,38,34,'1979-05-30 22:09:28',1),(39,39,82,'1979-09-28 05:55:47',4),(40,40,32,'2012-03-16 20:16:23',2),(41,41,51,'2004-01-30 20:40:47',1),(42,42,26,'1971-02-04 15:11:38',1),(43,43,78,'1988-07-19 22:57:36',4),(44,44,25,'1970-07-02 04:29:04',5),(45,45,81,'2006-05-05 14:27:37',5),(46,46,56,'1996-07-27 23:03:52',2),(47,47,71,'1982-08-07 01:43:59',4),(48,48,20,'2018-03-18 19:50:43',4),(49,49,21,'2018-11-07 02:55:25',4),(50,50,23,'1978-04-25 10:54:24',1),(51,51,52,'1977-08-14 14:47:32',1),(52,52,81,'1987-04-21 23:32:01',1),(53,53,83,'1985-12-29 23:14:56',4),(54,54,59,'1982-09-05 03:58:55',2),(55,55,12,'2017-03-27 06:54:42',2),(56,56,24,'2000-01-31 18:27:24',2),(57,57,46,'1985-05-12 14:36:10',4),(58,58,31,'1987-01-29 01:37:30',4),(59,59,24,'2016-03-27 16:37:22',3),(60,60,89,'2002-06-22 05:02:36',2),(61,61,42,'1979-06-06 06:23:23',2),(62,62,23,'1995-12-14 02:48:56',2),(63,63,53,'2003-06-09 08:34:31',3),(64,64,40,'1977-06-23 02:33:17',1),(65,65,25,'2008-11-11 13:22:08',2),(66,66,47,'2002-07-01 02:20:49',4),(67,67,64,'2014-06-12 06:37:02',1),(68,68,61,'2007-01-03 23:20:33',2),(69,69,90,'1990-11-02 07:42:28',1),(70,70,52,'1970-08-01 13:11:13',5),(71,71,68,'1970-12-23 10:24:04',4),(72,72,65,'2018-06-20 07:01:00',2),(73,73,78,'2006-12-18 08:58:00',4),(74,74,11,'1974-04-30 04:06:27',5),(75,75,9,'1978-02-11 22:07:12',5),(76,76,13,'2008-03-21 22:56:28',2),(77,77,5,'2019-06-19 11:51:03',3),(78,78,74,'2019-04-08 21:52:17',3),(79,79,40,'2017-10-22 13:23:07',5),(80,80,74,'1984-12-22 13:35:22',2),(81,81,56,'1974-09-17 17:01:40',5),(82,82,53,'1979-08-06 22:52:11',2),(83,83,22,'1999-04-09 00:35:56',1),(84,84,41,'2005-11-07 11:07:42',3),(85,85,8,'1971-12-09 03:41:51',5),(86,86,78,'1999-05-05 19:55:49',1),(87,87,37,'1979-11-24 00:47:50',2),(88,88,35,'1987-08-17 15:52:02',2),(89,89,24,'1977-02-11 23:28:40',5),(90,90,14,'1983-01-11 03:50:06',2),(91,91,63,'1977-04-12 17:39:43',4),(92,92,44,'1995-03-06 04:31:25',4),(93,93,51,'1997-07-28 09:11:52',2),(94,94,66,'1988-10-02 19:13:37',1),(95,95,56,'1988-08-06 06:13:35',4),(96,96,86,'1981-08-29 20:55:01',4),(97,97,55,'2019-03-17 09:10:27',2),(98,98,30,'1998-07-17 14:26:32',3),(99,99,47,'1980-05-30 17:46:57',3),(100,100,34,'1981-02-04 23:56:38',2);
/*!40000 ALTER TABLE `likes` ENABLE KEYS */;
UNLOCK TABLES;

--
-- Table structure for table `media`
--

DROP TABLE IF EXISTS `media`;
/*!40101 SET @saved_cs_client     = @@character_set_client */;
/*!50503 SET character_set_client = utf8mb4 */;
CREATE TABLE `media` (
  `id` int unsigned NOT NULL AUTO_INCREMENT,
  `user_id` int unsigned NOT NULL,
  `filename` varchar(255) NOT NULL,
  `size` int NOT NULL,
  `metadata` json DEFAULT NULL,
  `media_type_id` int unsigned NOT NULL,
  `created_at` datetime DEFAULT CURRENT_TIMESTAMP,
  `updated_at` datetime DEFAULT CURRENT_TIMESTAMP ON UPDATE CURRENT_TIMESTAMP,
  PRIMARY KEY (`id`)
) ENGINE=InnoDB DEFAULT CHARSET=utf8mb4 COLLATE=utf8mb4_0900_ai_ci;
/*!40101 SET character_set_client = @saved_cs_client */;

--
-- Dumping data for table `media`
--

LOCK TABLES `media` WRITE;
/*!40000 ALTER TABLE `media` DISABLE KEYS */;
/*!40000 ALTER TABLE `media` ENABLE KEYS */;
UNLOCK TABLES;

--
-- Table structure for table `media_types`
--

DROP TABLE IF EXISTS `media_types`;
/*!40101 SET @saved_cs_client     = @@character_set_client */;
/*!50503 SET character_set_client = utf8mb4 */;
CREATE TABLE `media_types` (
  `id` int unsigned NOT NULL AUTO_INCREMENT,
  `name` varchar(255) NOT NULL,
  PRIMARY KEY (`id`),
  UNIQUE KEY `name` (`name`)
) ENGINE=InnoDB AUTO_INCREMENT=4 DEFAULT CHARSET=utf8mb4 COLLATE=utf8mb4_0900_ai_ci;
/*!40101 SET character_set_client = @saved_cs_client */;

--
-- Dumping data for table `media_types`
--

LOCK TABLES `media_types` WRITE;
/*!40000 ALTER TABLE `media_types` DISABLE KEYS */;
INSERT INTO `media_types` VALUES (3,'audio'),(1,'photo'),(2,'video');
/*!40000 ALTER TABLE `media_types` ENABLE KEYS */;
UNLOCK TABLES;

--
-- Table structure for table `messages`
--

DROP TABLE IF EXISTS `messages`;
/*!40101 SET @saved_cs_client     = @@character_set_client */;
/*!50503 SET character_set_client = utf8mb4 */;
CREATE TABLE `messages` (
  `id` int unsigned NOT NULL AUTO_INCREMENT,
  `from_user_id` int unsigned NOT NULL,
  `to_user_id` int unsigned NOT NULL,
  `body` text NOT NULL,
  `is_important` tinyint(1) DEFAULT NULL,
  `is_delivered` tinyint(1) DEFAULT NULL,
  `created_at` datetime DEFAULT CURRENT_TIMESTAMP,
  PRIMARY KEY (`id`)
) ENGINE=InnoDB AUTO_INCREMENT=101 DEFAULT CHARSET=utf8mb4 COLLATE=utf8mb4_0900_ai_ci;
/*!40101 SET character_set_client = @saved_cs_client */;

--
-- Dumping data for table `messages`
--

LOCK TABLES `messages` WRITE;
/*!40000 ALTER TABLE `messages` DISABLE KEYS */;
INSERT INTO `messages` VALUES (1,62,68,'Animi quis vel dolorum et nemo ipsa. Recusandae officiis illum quas ea. Dolorum dolorum reprehenderit dignissimos laborum veritatis harum.',0,0,'1972-12-06 08:30:35'),(2,87,35,'In deleniti officiis ea ab tempore. Omnis ad quasi ipsum quis similique cum. Ad eum expedita et in.',0,0,'2013-07-12 18:18:11'),(3,7,33,'Harum suscipit vel voluptatem eos aut. Tempore temporibus molestiae porro dolor in in. Soluta molestiae consequatur similique.',0,1,'1994-03-23 04:25:28'),(4,26,17,'Magnam ullam rerum et debitis voluptatum. Quia modi quisquam eum ducimus tempora veritatis non. Voluptas aut numquam quaerat atque.',0,0,'1999-10-22 20:35:56'),(5,12,42,'Quae explicabo et aut sint repudiandae et expedita. Aut reiciendis ullam quis eos deserunt aut.',0,1,'2010-05-18 02:27:01'),(6,44,34,'Est vel sit vero. Voluptatum sit ipsam ut repellendus est optio.',0,0,'1989-06-11 12:40:14'),(7,82,88,'Delectus illo veritatis cum dolores nemo excepturi quis. Nulla dolorem itaque quia illum ratione officia architecto. Aut sit laudantium et sunt ipsam ducimus.',1,0,'2004-10-15 23:25:38'),(8,12,29,'In neque eius ratione eius doloremque magni suscipit. Accusantium molestiae magnam dolorem hic voluptatum labore nam sed. Repellendus quibusdam non eum voluptatem enim.',1,0,'2010-10-13 13:07:52'),(9,6,29,'Ut laboriosam harum ipsum at qui ut. Rerum maxime sint asperiores quis. Repellat consequatur harum non deleniti. Aut quisquam et sed aut sunt.',0,1,'2002-11-27 18:08:34'),(10,81,27,'Pariatur et sequi sint deserunt repellendus et porro sunt. Ducimus est doloribus dolorum nostrum. Enim voluptas dolor dolorum ex quia.',1,1,'2003-07-20 10:14:51'),(11,93,88,'Aut fugit enim explicabo rerum omnis doloremque. A perspiciatis aut accusantium ab deserunt id. Voluptatibus velit dolorem ut et nostrum ratione.',1,0,'1988-12-22 22:56:42'),(12,52,32,'Quia consectetur ex sint laudantium ut autem rerum. Est et quia assumenda eos voluptatem. Libero adipisci eaque et voluptas ut iusto id.',1,1,'2020-02-08 19:35:25'),(13,20,24,'Recusandae natus ullam rerum laboriosam officia saepe. Dolor est hic molestiae ut voluptate enim. Suscipit voluptas sint eaque velit ipsa omnis. Et vero cupiditate magni velit.',0,0,'1982-07-18 19:59:30'),(14,98,46,'Voluptatem aut qui ut sint officiis temporibus non. Impedit quis quidem aut reiciendis amet itaque atque. Accusantium sit qui ut unde.',0,1,'1990-06-29 10:10:08'),(15,45,8,'Reprehenderit doloremque fugiat fugit est dolorum iure itaque. Explicabo cumque tenetur odit autem consequuntur tempore aut. Est voluptatem numquam est quo non. Et ipsum aliquam natus facere.',0,1,'2019-10-26 07:18:48'),(16,78,6,'Eligendi odit quia qui deleniti libero totam. Numquam tempore deleniti beatae eum cumque eos libero. Voluptatem tenetur alias aperiam dolorem.',1,1,'1990-10-04 00:49:20'),(17,76,65,'Sed ut nulla eum eligendi est velit voluptas. Officiis ut adipisci consequatur incidunt. Est est est vero cupiditate est eos.',1,1,'1973-05-23 14:50:51'),(18,40,83,'Natus ut quis et doloremque sit nesciunt nam. Vero vel voluptatem sapiente hic. Ut vitae rerum consequatur est animi asperiores. Doloremque doloremque et est veniam.',1,0,'1983-03-20 21:50:27'),(19,98,66,'Aut non dolore quia quos error. Quidem labore consequatur eveniet sit id. Laborum et rem nam ipsa est.',0,1,'1983-12-17 02:52:20'),(20,100,9,'Sed laborum nihil recusandae possimus. Ex consectetur ut odit quae natus perferendis. Sed eum sint aut vel et distinctio voluptas. Occaecati ratione blanditiis quam dolore quam.',1,1,'2017-08-26 20:17:42'),(21,7,43,'Nulla iste unde id et. Ut sint quam distinctio quasi consequuntur. Facilis officia molestiae magni sed ut animi. Dolorem a reiciendis reprehenderit illo vel.',1,1,'1983-10-03 07:14:12'),(22,42,89,'Eos praesentium sed quisquam inventore. Sunt fugiat blanditiis atque quia est. Maiores iste dolorem ipsum est natus maiores rem. Alias nisi reiciendis dolore assumenda illum nisi consequatur ut.',0,0,'1987-03-12 23:13:13'),(23,31,54,'Hic earum dolorem consequuntur consectetur et. Ut aut provident et quibusdam nisi sapiente omnis. Modi accusamus sit laudantium laborum dolores earum. A reprehenderit quod ut sunt sequi. Aut perspiciatis rerum laboriosam maiores a consequatur.',1,1,'2009-07-19 17:15:39'),(24,18,37,'Blanditiis fugit enim illum sed eius iste. Quam et veritatis eum veniam est voluptate cum voluptatibus. Enim et modi sint enim aspernatur consectetur qui. Nostrum inventore accusamus qui aperiam eum vel.',0,1,'2008-08-12 08:32:27'),(25,82,98,'Error consectetur sunt enim laudantium. Mollitia porro blanditiis voluptas sed et rerum.',1,1,'2018-09-01 01:51:01'),(26,63,75,'Non rerum error quis. Quisquam reprehenderit nihil amet quia corporis sed. Nesciunt aut ratione omnis debitis est in qui.',1,1,'1990-02-13 14:54:08'),(27,86,15,'Voluptatem sit ad cumque fugit earum. Unde animi molestiae enim corporis voluptas rem quae. Laborum consequatur saepe aut expedita beatae et in. Animi ut et quia quis quaerat magni.',1,1,'1998-01-25 08:32:47'),(28,6,5,'Consequatur blanditiis consectetur ad ea qui nesciunt expedita. Ut dolorum ut consequatur expedita repellendus. Dolorem ut illum in assumenda ea.',0,0,'2014-05-25 22:15:03'),(29,39,4,'Harum corrupti amet et quo. Et aut id eum sit aut. Libero quia voluptatum totam.',0,0,'2009-09-07 03:31:49'),(30,51,83,'Ea dignissimos voluptatem corrupti nihil qui. Officiis ducimus laboriosam odit dolorem earum a esse. Eius recusandae nostrum ex natus inventore consectetur sequi.',1,0,'1993-02-23 06:32:45'),(31,12,29,'Dolorem illum debitis a qui error. Voluptas quis eum nisi non et nam. Tempora error nostrum animi at saepe.',1,0,'1988-10-08 10:35:23'),(32,88,88,'Omnis minima nostrum fugit tempore voluptatibus quo. Eum perspiciatis suscipit aut velit. Non aut alias nihil recusandae repellat.',0,0,'2006-05-23 18:38:29'),(33,93,28,'Quae est dolor nisi. Aliquid dolores optio molestias sed aut. Quisquam commodi laudantium facilis consequatur rerum voluptatem adipisci. Vitae quia provident dolorum minus eveniet et et.',0,0,'1976-04-24 13:20:21'),(34,70,91,'Repellat numquam adipisci repudiandae non. Odio reiciendis nihil et consectetur autem consectetur. Accusamus ullam illo nemo asperiores voluptatibus incidunt quam harum.',1,1,'2010-07-23 04:18:07'),(35,93,70,'Dolorum ex aut autem officia libero. Soluta iusto ex omnis aliquid dolorum et consequuntur. Sunt illo aspernatur doloribus voluptatum culpa numquam. Assumenda aut quibusdam minus non.',0,0,'2009-12-28 06:49:43'),(36,100,100,'Ut nulla quos minima possimus impedit aut. Iure qui assumenda velit aperiam eaque distinctio. Quod quo exercitationem eius ducimus velit tempore. Repellendus repellat sit sunt dolorem ducimus quam aperiam.',1,1,'2012-12-27 18:53:24'),(37,12,42,'Libero neque amet ullam tempore iusto eius optio. A qui molestiae non et rerum pariatur tempora. Fuga repudiandae porro fugit esse consequatur. Exercitationem omnis nulla vero et dolorem.',1,0,'1976-04-22 06:17:36'),(38,88,43,'Omnis maiores esse distinctio optio. Qui ipsam nulla quos sint qui omnis sit. Cumque consequuntur facere ad nemo alias. Natus sapiente praesentium quod velit exercitationem inventore.',0,0,'1995-07-28 10:38:40'),(39,95,5,'Sint quia sit aperiam aut. Odio perspiciatis velit dolor enim corporis quia. Voluptatem sed deleniti officiis. Recusandae iste velit eveniet.',0,1,'2012-02-04 06:49:19'),(40,79,77,'Minus modi impedit quam ipsa voluptas tenetur. Laboriosam accusantium quaerat nemo pariatur sed non inventore error. Sed suscipit rerum voluptate nesciunt.',1,0,'2019-05-12 15:26:26'),(41,3,42,'Voluptatum autem est omnis repudiandae. Provident fuga est placeat voluptas tenetur enim. Consequatur commodi voluptatem assumenda doloremque. Non nisi sit consequatur labore ut tempora.',1,0,'2017-02-18 02:00:43'),(42,51,88,'Molestias consequuntur aut voluptas est. Fugiat vel hic illo ea. Doloribus recusandae nam aut corporis ab.',1,0,'2007-01-21 21:28:17'),(43,56,57,'Qui error consequatur quisquam sequi rem. Distinctio sapiente accusamus quae doloremque. Autem voluptas quis aut est ut. Est est vel consequatur fuga repellat perspiciatis rerum.',1,1,'2014-06-23 12:54:45'),(44,93,95,'Debitis possimus soluta sint praesentium omnis numquam. Eos totam maxime similique dolores. Mollitia aspernatur dolore ullam eaque libero et nihil.',0,0,'1972-08-04 12:18:22'),(45,60,44,'Beatae animi pariatur vel. Nostrum nulla laudantium maxime omnis esse. Quaerat et distinctio autem id repellat eum.',0,0,'1991-11-08 00:33:16'),(46,77,72,'Nihil ut iste consequatur doloremque repellendus. Autem aut rerum id consequatur eum error veritatis. Nemo magnam qui at autem ut quia. Vel asperiores ut porro id est laudantium voluptatem.',0,1,'1985-04-13 06:27:31'),(47,72,65,'Laborum rerum reprehenderit neque pariatur mollitia asperiores et et. Eius error aut nihil enim amet ad debitis. Dolorem sequi id veniam mollitia quo. Qui occaecati quae molestiae qui voluptatem.',0,0,'1981-07-16 05:22:41'),(48,59,65,'Ex accusantium officia qui aut. Dolore incidunt modi commodi quis. Tenetur dolores ratione est maxime ut.',1,1,'2012-02-19 11:10:43'),(49,92,28,'Commodi amet magni quae quas natus voluptates quo. Neque id laboriosam itaque numquam.',1,0,'1974-10-04 14:38:19'),(50,55,85,'Quia rerum ab facere voluptas. Aliquid et sunt necessitatibus iusto iste praesentium perspiciatis. Consectetur architecto et optio sint nesciunt aliquid.',1,0,'1986-05-01 01:26:31'),(51,98,55,'Quisquam in sint non porro rerum amet nulla. Provident in id sit quis blanditiis. Voluptatem unde provident voluptatem.',1,1,'1997-02-11 13:40:57'),(52,85,9,'Minima velit architecto quod perspiciatis vel quia. Quis nostrum ratione enim nemo. Nihil quis reprehenderit sunt animi et illum deserunt. Qui commodi est rem ducimus rerum.',1,1,'1979-05-27 21:59:44'),(53,96,72,'Dolores optio omnis tempore. Non aut est est repudiandae. Sapiente cupiditate inventore ex et quasi. Sed sint consequatur quas fuga excepturi.',0,0,'2005-03-26 21:09:51'),(54,52,90,'Et asperiores sint suscipit illum. Quisquam tenetur fugit molestias optio. Repudiandae accusantium voluptates tempora ut tempore.',1,1,'2020-01-22 18:48:32'),(55,77,30,'Sed incidunt et aut optio. Autem ut cum aspernatur voluptatibus. Corrupti fuga minima quas rem. Ut consequatur a molestiae rerum molestiae eum.',1,1,'1983-09-08 04:30:06'),(56,66,80,'In commodi perferendis enim consequuntur ipsum. Ducimus eveniet amet consequuntur fugit quisquam facilis omnis. Quia dolor culpa perspiciatis dignissimos. Consequatur officiis repellat molestiae et.',0,0,'1992-12-04 14:12:18'),(57,71,17,'Fuga odio facilis libero earum placeat aut id. Laboriosam quidem molestias dolore illum quia iusto. Occaecati temporibus ullam fugit sint. Ut voluptatem voluptas et eaque quia.',0,0,'1977-08-11 15:28:24'),(58,68,27,'Est alias tenetur earum repellat voluptate neque sint. Eaque voluptatibus consequatur provident quasi et placeat. Reprehenderit odio labore molestias ratione iste dolor voluptatum cumque. Sapiente eius commodi similique error odit nisi.',1,0,'1978-01-25 03:59:46'),(59,73,61,'Animi voluptatem consequatur voluptatibus error vel voluptas similique. Veritatis eum expedita culpa perspiciatis. Neque ullam praesentium praesentium esse quisquam esse aliquid.',0,1,'1997-05-16 03:14:08'),(60,21,33,'Dolore amet sit delectus aut illo. Voluptatibus aspernatur iure molestiae deserunt eveniet explicabo aut. Ea vero quia in ex autem sit in. Quos expedita quam fugit ut officiis dolorem. Eligendi voluptates placeat totam ipsum.',1,1,'1991-08-31 10:23:32'),(61,4,98,'Sequi iure harum dicta necessitatibus sed laborum deserunt facere. Voluptatem vel optio voluptatem et. Ex iure ut cupiditate deleniti. Ea maiores expedita exercitationem est eligendi fuga voluptates.',1,0,'1995-01-17 15:55:38'),(62,4,75,'Libero ipsa vitae numquam sed accusamus a. Voluptatem qui nihil dignissimos mollitia aut repellendus in. Nesciunt odit vitae quia consectetur alias atque commodi.',0,1,'1992-09-01 22:02:43'),(63,62,62,'Nam accusamus dolorem fuga quibusdam enim aperiam. Occaecati unde consequatur et qui autem. Dolor et et quibusdam velit nobis est sed. Laudantium pariatur ut est blanditiis quo ducimus ratione.',0,0,'1973-10-26 13:26:13'),(64,39,54,'Modi eligendi sit alias et qui aut quod. Fugiat est blanditiis autem nihil sunt ut et. Sit laboriosam voluptas provident debitis dolorem necessitatibus.',1,0,'2018-03-24 02:51:07'),(65,90,94,'Ducimus quia rerum sint quo dolor. Nobis quisquam voluptatum illo qui rerum vitae molestiae. Aut deserunt maxime reiciendis dolorum. Aut at illo temporibus nisi rerum vero.',0,0,'1993-12-15 13:24:25'),(66,39,87,'Eum harum ipsa illum iure necessitatibus. Numquam velit consequatur dolorem consequuntur eum. Voluptate earum provident earum consectetur id ipsa et. Aut alias voluptate eligendi in.',1,1,'1970-02-23 07:56:46'),(67,48,23,'Laboriosam ea animi et iure dolore. Explicabo numquam amet et sint sapiente. Esse ipsa explicabo aliquam nam recusandae.',1,1,'2018-05-28 10:30:49'),(68,96,44,'Dolorum qui est aut adipisci voluptatem officiis et. Error atque enim in vel deserunt. Excepturi ea voluptatem voluptate reiciendis accusantium molestiae sequi.',1,1,'1983-10-10 12:18:57'),(69,95,47,'Aut quibusdam sint fugit fugit voluptatem nobis. Soluta dolor aliquam incidunt dolores provident cum.',0,0,'1998-10-29 02:49:45'),(70,33,71,'Nesciunt iusto impedit ut quo et enim. Impedit harum eius quia reiciendis ullam consequatur. Molestiae et dolorum alias aut delectus id ratione.',1,0,'1977-01-18 02:46:37'),(71,76,99,'Maxime error tenetur placeat dolorum aspernatur ab praesentium. Molestiae aliquam magnam consequuntur odit et. Aut magni velit consequatur iure debitis accusantium. Cupiditate nulla voluptatem minus molestiae dolorem.',1,1,'2018-02-24 09:38:18'),(72,51,47,'Voluptates enim debitis impedit exercitationem soluta doloribus. Ipsa qui perspiciatis magnam veritatis delectus voluptatem. Dolore quasi ex doloremque. Nam ratione adipisci earum facere et.',1,1,'1988-08-03 19:22:14'),(73,15,18,'Repellendus aut rerum aut. Non sequi praesentium et nemo. Quam laborum optio est ea.',0,1,'2001-03-19 21:23:11'),(74,74,87,'Nostrum provident et eius voluptas saepe ut. Aspernatur aspernatur illum odio provident quasi earum sit. Ut sit deserunt ut est earum est dolor.',1,0,'1987-07-02 01:44:43'),(75,78,94,'Recusandae amet architecto debitis aut iure. Debitis qui et occaecati qui aut fuga explicabo. Dignissimos nihil iusto a accusantium aspernatur labore.',0,1,'1973-04-29 16:35:20'),(76,20,81,'Soluta dolore facere ut et id ut. Voluptas dolor omnis earum aut fuga doloremque dolor. Sit consectetur ea non voluptas reprehenderit. Praesentium aut aliquam in corrupti. Nam et doloremque fugiat sit et dolorum recusandae.',0,1,'1977-03-30 09:42:53'),(77,92,23,'Alias necessitatibus perferendis tempora repellat. Inventore consectetur voluptatem dolorem sit ipsa est. Ab perferendis ipsum odio. Dicta magni animi labore officiis.',1,1,'2009-09-05 23:43:31'),(78,56,53,'Ut commodi quas quas vel. Magnam impedit iure est praesentium. Illo voluptas quia fugiat et perferendis ipsa repellendus quaerat. Tempora voluptatem ut itaque placeat qui.',1,0,'2010-01-22 00:27:17'),(79,85,95,'Nam minus omnis quas perferendis consequatur. Impedit expedita qui eum quia non voluptate commodi hic. Velit ea dolor modi et.',1,0,'2004-11-30 00:38:37'),(80,7,75,'Quod nemo autem nihil ut voluptas ducimus officia. Esse ut nam ipsa suscipit. Eum sed ut perspiciatis. Deserunt commodi repellat porro velit non.',1,0,'2017-12-10 00:42:43'),(81,89,45,'Quasi consequatur aliquam eum ut illo a et. Pariatur fuga qui ut quos ut dolores nostrum. At asperiores mollitia sunt tenetur nobis quos. Mollitia cupiditate consequatur a qui asperiores cum nisi.',0,0,'2007-09-19 22:55:59'),(82,61,36,'Neque eos perspiciatis accusantium ipsum ratione voluptas. Ut magni iure voluptas sed nemo dicta. Voluptas magni quasi vel dolores molestiae sint. Iste est praesentium numquam.',0,1,'1983-08-02 20:53:22'),(83,67,57,'Nisi blanditiis animi optio occaecati debitis neque aspernatur est. Et ipsa ut aut sit. Assumenda atque accusantium illo.',0,0,'1994-05-01 03:29:10'),(84,79,61,'Quia cupiditate quos neque ipsum natus et. Temporibus minus voluptatem qui pariatur molestiae. Voluptas corrupti nisi ut itaque quas ratione. Vitae aliquid ut id nisi doloribus neque.',1,1,'2013-12-14 11:47:46'),(85,3,12,'Dolorum a eos omnis et sunt. Error sunt explicabo perspiciatis iusto.',0,1,'2014-05-17 17:39:36'),(86,32,79,'Nulla omnis rerum eligendi unde id aspernatur. Voluptate architecto quia dignissimos sit quo tempora alias. Velit sed facilis cum sit aliquid deleniti. Quia cupiditate qui sapiente nostrum.',1,1,'2006-06-03 20:59:00'),(87,10,82,'Cum nihil illo consequatur molestiae facere voluptatem quaerat iusto. Id autem et quam odio et rem. Nam labore et iure sit consequuntur quia hic.',0,1,'1974-11-17 20:04:12'),(88,26,24,'Illum tempora nobis ut sed ipsum ullam. Dolorum nam qui autem facilis facilis doloremque. Doloribus quod impedit consequatur beatae qui quia.',1,0,'1991-09-10 16:37:55'),(89,100,99,'Commodi facilis sit ipsa saepe. Cum repellat est in dolore labore est.',0,1,'1985-03-27 19:34:40'),(90,11,78,'Cupiditate sit officia quisquam et et qui. Eum eum alias blanditiis. Sapiente et expedita nostrum sapiente.',0,0,'1990-06-15 03:15:21'),(91,92,31,'Ducimus sint incidunt modi quod aut sit incidunt fugit. Ratione sint possimus vel natus. Sint pariatur adipisci omnis consequuntur modi veniam incidunt.',1,0,'2018-03-19 02:40:51'),(92,58,84,'Quia consequatur atque aut ut. Libero amet ut blanditiis deserunt in sequi perspiciatis. Quis praesentium voluptas quos rem iste et.',1,0,'1983-03-27 18:33:21'),(93,54,14,'Numquam eligendi perferendis nihil. Et ex quia eos dolores voluptatem amet in. Impedit dolorum corrupti deleniti incidunt quos eum voluptas quas. Et voluptatem omnis quia.',0,1,'1974-08-27 11:30:52'),(94,36,38,'Vel atque iusto sed perspiciatis excepturi beatae. Omnis tempora perspiciatis inventore sed. Dolor atque quis asperiores recusandae minima. Sit enim est porro rerum id in voluptas.',1,1,'2001-04-06 18:53:51'),(95,8,43,'Nostrum eum cupiditate sint ut eaque explicabo. Sit velit ratione vitae minus corporis.',1,0,'2014-08-26 20:04:58'),(96,12,96,'Cumque sequi non voluptate enim nihil libero architecto. Eum natus omnis molestiae facere in est dolore. Nostrum molestiae amet enim est omnis.',0,0,'1973-03-17 22:24:51'),(97,87,73,'Magnam vitae fugit sapiente magnam. Qui labore vel nesciunt tempore quia numquam in. Qui dignissimos dolor eum incidunt.',1,1,'1980-04-07 22:55:32'),(98,32,54,'Nisi dolor non autem et cum. Quas facere sequi dolorum beatae doloribus. Voluptas voluptate eos sit non est modi. Nostrum voluptatum maiores autem veniam maxime dolores nisi et.',0,1,'2018-07-21 02:07:40'),(99,29,11,'Non iste omnis omnis iste. Ea fugiat perferendis consectetur. Corrupti quaerat soluta harum aspernatur.',0,0,'2016-05-24 21:23:59'),(100,15,32,'Provident debitis cumque explicabo error qui. Quaerat deserunt accusamus et illum. Est sint molestias ea consectetur doloremque tempore ad.',0,1,'2018-09-01 09:57:17');
/*!40000 ALTER TABLE `messages` ENABLE KEYS */;
UNLOCK TABLES;

--
-- Table structure for table `posts`
--

DROP TABLE IF EXISTS `posts`;
/*!40101 SET @saved_cs_client     = @@character_set_client */;
/*!50503 SET character_set_client = utf8mb4 */;
CREATE TABLE `posts` (
  `id` int unsigned NOT NULL AUTO_INCREMENT,
  `user_id` int unsigned NOT NULL,
  `created_at` datetime DEFAULT CURRENT_TIMESTAMP,
  `post_txt` text NOT NULL,
  `media_id` int unsigned DEFAULT NULL,
  PRIMARY KEY (`id`)
) ENGINE=InnoDB AUTO_INCREMENT=101 DEFAULT CHARSET=utf8mb4 COLLATE=utf8mb4_0900_ai_ci;
/*!40101 SET character_set_client = @saved_cs_client */;

--
-- Dumping data for table `posts`
--

LOCK TABLES `posts` WRITE;
/*!40000 ALTER TABLE `posts` DISABLE KEYS */;
INSERT INTO `posts` VALUES (1,65,'2005-10-24 23:54:31','Voluptate voluptas similique at ut voluptatem excepturi. Quos impedit nulla magnam tempora reiciendis voluptas.',20),(2,39,'1975-11-16 02:52:15','Illo ullam laborum excepturi natus reprehenderit voluptas illum. Vel rerum placeat perferendis vitae voluptatum vel fuga. Vero ad ea quia. Dignissimos impedit omnis deleniti est laudantium. Recusandae accusamus laboriosam voluptate sint nostrum possimus.',29),(3,47,'2004-06-19 01:23:11','Et quasi nobis ipsam quisquam impedit sed molestiae. Deleniti enim minus fugiat ab et quasi perferendis. Fugit est et alias. Recusandae similique vitae sit eaque.',54),(4,18,'1981-10-06 19:31:53','Dolor qui et voluptate sed architecto occaecati. Iusto magni et culpa itaque iure. Eveniet quia sint et dignissimos odio. Error a est maxime quam.',40),(5,61,'2000-11-18 05:02:36','Quis necessitatibus mollitia ipsam tempore ab quibusdam. Dolor cum et magni tempore incidunt rerum libero. Quae nihil est optio magni odio voluptas facere. Quia illum illo animi non officia vero.',71),(6,47,'1985-06-21 02:04:50','Sed aperiam sed et et debitis. In nam natus corrupti aut. Est vitae facere quia corporis.',10),(7,3,'1974-09-26 13:28:24','Mollitia natus ea aut similique deserunt libero est. Neque temporibus repudiandae quia corporis impedit et occaecati. Fugit expedita exercitationem voluptatum voluptatibus. Totam ab expedita molestias at assumenda voluptatem modi.',80),(8,16,'2013-09-14 08:30:55','Explicabo delectus dolorem quis temporibus. Id quia voluptatem occaecati inventore.',52),(9,6,'1971-04-05 06:13:57','Autem ut nisi accusamus corporis sunt. Voluptatem nisi in corporis et a sit aut. Sed omnis voluptas et temporibus.',67),(10,17,'2014-06-24 09:33:18','Praesentium similique repellat voluptatibus dicta sapiente dolores incidunt. Qui fugit praesentium unde sed voluptatibus quis. Et quidem ipsa dolorum enim suscipit nihil error quo.',58),(11,41,'2013-06-29 05:07:16','Qui odio veritatis architecto ut. Illo ea asperiores est nihil. Magnam harum eos nihil molestiae est soluta aliquid. Corrupti pariatur est ut quam accusamus animi vel. Consequatur necessitatibus sunt rerum molestiae accusamus.',49),(12,86,'2019-03-15 19:32:14','Fuga exercitationem rerum possimus soluta veniam pariatur quisquam. Omnis et fugiat sunt saepe est at ratione. Quia cumque tempora sed recusandae.',39),(13,66,'1985-05-08 06:51:03','Aut aliquam magnam ut nihil culpa in nemo. Quaerat sapiente fugiat sit voluptas.',98),(14,35,'2011-02-06 08:23:21','Distinctio est id in harum sed. Voluptatum consectetur nostrum atque aliquid. Beatae voluptas laboriosam quaerat aut. Expedita consequuntur aspernatur harum deleniti id qui sit.',83),(15,14,'1994-07-06 01:51:00','Sapiente veritatis et molestiae sint. Rerum vel sint dignissimos quisquam voluptas aut aut. Repellat fugit et et aut minima autem consequatur.',42),(16,84,'1977-09-11 19:33:39','Ut sint beatae voluptatem quia dolorum voluptatem. Id odio voluptas omnis est placeat. Velit quis fugiat nostrum dolores nesciunt veniam consequatur.',96),(17,67,'2008-07-27 13:37:08','Autem laborum eligendi eaque assumenda tempora doloremque. Perspiciatis aliquid voluptas sit dolor. Consectetur corrupti nihil ducimus fuga consequatur tempore.',88),(18,39,'2009-04-07 10:02:08','Cumque est rerum reprehenderit qui. Similique ea fuga velit exercitationem possimus accusantium eum. Expedita quo eaque eum consequuntur voluptatem.',46),(19,15,'1998-11-15 07:58:03','Quas accusamus veritatis non tempore. Rem ut in saepe necessitatibus id est blanditiis. Esse corporis voluptates nostrum reprehenderit. Tempore consequuntur animi nobis.',38),(20,71,'1992-07-21 20:47:28','Explicabo explicabo minima error minus tenetur consequuntur. Quod quis cumque quia omnis est consequatur. Enim error inventore aut ratione. Eius totam enim distinctio iusto ut.',37),(21,8,'1987-04-11 11:19:25','Sit voluptates sunt qui repellendus. Quaerat minima exercitationem doloribus est dignissimos aut. Quo temporibus provident impedit cum.',37),(22,2,'1972-10-21 05:35:22','Quo pariatur quae ut. Reprehenderit necessitatibus totam ad corrupti a quia.',1),(23,29,'1993-10-23 16:02:52','Voluptatum officiis id dolorem voluptatem fugit. Esse doloremque eum est voluptatem et aspernatur fugit. Debitis impedit et neque sequi nihil. Dolores non et quod iure aut ea et.',3),(24,7,'2020-01-28 06:46:18','Asperiores qui voluptatem quod ad omnis fuga. Velit et assumenda aperiam. Harum est in facere molestiae. Officia corrupti totam occaecati occaecati quibusdam qui.',17),(25,80,'1989-01-26 17:41:57','Animi accusamus cumque nihil porro aut. Soluta cupiditate reprehenderit sint. Sit occaecati nesciunt laboriosam. Provident et totam aperiam quo.',37),(26,23,'1983-05-29 19:42:47','Fuga ipsum et neque. Accusamus dignissimos aspernatur non beatae sit velit. Et laudantium harum laboriosam soluta.',85),(27,59,'2010-01-23 08:53:28','Odit ut magni explicabo recusandae ipsa molestiae quae. Illo aut voluptatem cumque qui.',13),(28,51,'2010-11-25 00:23:46','Dolorem unde aliquam eaque molestiae. Esse magnam aperiam libero impedit. Exercitationem nam facilis culpa id. Dolores velit consequatur rerum non beatae.',15),(29,88,'1981-09-23 06:27:52','Sed nihil ducimus vel voluptate ab. Qui nostrum ipsa eaque distinctio et non at. Neque itaque delectus quo est blanditiis quibusdam aliquid. Quo laudantium dolor doloremque autem reprehenderit ea.',54),(30,1,'2015-10-20 13:40:12','Voluptatem qui facilis aut repudiandae nihil necessitatibus quia. Ducimus architecto qui tempora non velit suscipit. Est repudiandae praesentium molestiae at mollitia magnam sit totam. Vel dicta officia quas nam.',6),(31,4,'1996-10-16 04:45:34','Consequatur rerum beatae consequatur facilis sapiente sequi nam. Nemo sed et aliquid voluptatibus blanditiis harum. Assumenda non praesentium est magnam vel molestiae explicabo. Est eum et officia sed quod quasi eos.',30),(32,22,'1990-03-13 04:25:13','Enim et doloremque vero iusto. Dignissimos maiores error qui et repudiandae aut. Enim expedita dicta alias quia et ipsa ratione. Accusamus cupiditate nobis mollitia consequuntur est id error. Eum molestias perferendis doloribus accusamus vel error ipsam.',37),(33,55,'2007-07-04 03:34:51','Vel enim est odit. Tenetur nobis rerum consequatur qui aspernatur ut. Itaque sed officia dolorem consequuntur minima. Molestiae id et natus blanditiis voluptatem eaque nulla.',46),(34,43,'1983-03-30 00:33:46','Vero aliquam nihil maiores fugiat eligendi labore. Est quis qui nesciunt et nesciunt omnis quo eos. Vel iure et ipsam animi culpa voluptatem vitae et.',47),(35,40,'2014-08-23 14:18:26','Molestiae eos nobis iusto dolor. Sapiente delectus et eaque aut dolorum distinctio sed. Et repellat excepturi omnis quis eius fugiat error et. Quis ipsa labore facere cum quasi iure voluptatem debitis.',51),(36,74,'1972-03-03 06:52:18','Distinctio temporibus dolorem et expedita cumque quo. Et sequi quia molestias nostrum. Ut dicta aspernatur et. Ut nihil laboriosam sequi in minus.',37),(37,51,'2007-10-14 23:59:39','Est consectetur velit ad animi. Quibusdam qui veniam sed provident. Dolorem aperiam blanditiis quas deleniti. Aliquam veritatis aut minus et vel atque.',79),(38,3,'2000-06-14 03:52:09','Dolor ex asperiores sed quidem doloremque incidunt soluta. Corporis aut eos dolore officia voluptatem necessitatibus vitae. Non occaecati cum nam in dolore sed sunt aperiam. Vel illo et blanditiis repellat sint reiciendis.',60),(39,10,'2014-07-03 14:34:05','Aut nam aperiam et omnis modi. Similique et quidem beatae id consequatur enim. Animi consequuntur et minima architecto.',91),(40,39,'1997-06-25 16:55:57','Sapiente porro provident ut ut laborum similique. Inventore ut quia magnam hic dolorum quam. Et numquam voluptas ut similique. Est consequatur sapiente deleniti nisi eius.',90),(41,36,'1979-10-14 12:34:40','Temporibus eos at ad aliquam architecto natus. Porro veritatis quasi eum corporis enim atque repudiandae. Voluptas inventore voluptatem enim quae sequi numquam.',68),(42,27,'2008-11-05 18:00:10','Saepe voluptas temporibus voluptates ut sed aspernatur labore. Omnis qui qui doloribus natus voluptates optio. Dolorem vel eligendi labore blanditiis quis tempore aut.',93),(43,55,'1997-11-24 05:42:26','Et sapiente et minima blanditiis optio quia. Explicabo voluptatem illum eos et eos quisquam.',46),(44,2,'1984-06-26 15:20:19','Ut reiciendis autem odit. Voluptatem distinctio saepe enim ut ea voluptas. Et quod qui ut qui molestias et officiis.',100),(45,13,'1996-12-15 14:29:48','Ad officiis nam natus et et quis atque. Voluptatem commodi aut atque modi. Velit accusantium ipsum sapiente. Occaecati et pariatur voluptates distinctio debitis.',58),(46,52,'1977-06-16 17:06:23','Numquam nulla libero culpa modi blanditiis molestias qui. Mollitia numquam quasi incidunt hic ut qui voluptatem.',88),(47,83,'2002-05-17 13:36:44','Ut consequatur est alias possimus maxime non esse. Voluptatem nihil in labore labore dolores eum. Laborum rerum expedita sit dolore.',4),(48,33,'1975-11-18 22:06:55','Aut sed esse error aperiam possimus. Non rerum eos autem molestias.',50),(49,88,'2010-09-10 16:45:39','Possimus ut beatae id ea. Laborum deserunt iusto ut iusto fugit. Sunt quos quam necessitatibus soluta aut deleniti dolores.',37),(50,57,'1989-11-08 08:24:28','Reiciendis iusto vel et dignissimos. Ipsum et ut iure hic. Ipsa iste magni itaque qui delectus sit. Eveniet maxime omnis nesciunt.',29),(51,59,'1980-11-25 19:59:44','Nesciunt laborum esse pariatur adipisci inventore molestias animi voluptatem. Hic dolorum ad quia cupiditate illo eos. Itaque harum sint in voluptas voluptas. Labore commodi dolorem nisi molestiae porro laboriosam et.',73),(52,87,'1977-01-22 05:21:35','Atque libero voluptate voluptatem earum voluptatem. Odio dolor ea eaque et voluptas perferendis voluptatem et. Laboriosam alias et expedita autem.',57),(53,80,'1997-01-19 10:09:49','Inventore molestias iure deleniti voluptas animi autem alias ad. Ipsa est qui molestias voluptatem. Atque ratione iusto deserunt esse rem aliquid. Necessitatibus iste et sequi accusamus non laborum et. Tempora consequuntur doloribus veritatis assumenda aut voluptatibus.',3),(54,29,'2013-12-26 00:20:07','Doloremque natus eaque nesciunt voluptas possimus. Est dolorem iusto doloribus. Non quam et qui eius corporis voluptas aspernatur ullam.',38),(55,94,'1999-07-12 20:34:28','Et laudantium at veritatis. Ut aspernatur dolores animi omnis et. Et consequatur sunt officia rem voluptatem iusto a. Corporis accusamus voluptate suscipit sunt.',79),(56,14,'2004-02-26 08:55:32','Cupiditate rem omnis natus in. Et autem ut omnis itaque non. Aut ullam repellendus sit magnam quibusdam aut dolores. Doloremque repudiandae distinctio suscipit a assumenda nisi.',31),(57,10,'1984-08-10 01:24:37','Et nemo nam pariatur perspiciatis hic. Occaecati inventore sed accusamus ut. Cum placeat voluptate ut voluptas incidunt esse.',65),(58,41,'2009-12-29 21:14:43','Et animi eum sed cupiditate optio fuga est voluptatem. Et id voluptatem quia est. Iste eum quisquam assumenda autem est ratione et. Dolor blanditiis illum qui incidunt.',94),(59,72,'1970-11-07 02:17:12','Debitis eum tempora non ratione ipsum. Eum non unde hic quia fuga ea odio est. Hic dolores vitae et aspernatur. Aliquid distinctio autem esse nulla exercitationem.',27),(60,51,'1973-05-16 03:29:27','Numquam nesciunt vitae aut quisquam et. Distinctio asperiores voluptatem doloremque. Et autem est nostrum. Earum aut aut libero qui enim recusandae officia.',77),(61,27,'1999-08-29 05:51:32','Voluptatibus aut nesciunt temporibus occaecati eveniet autem ut. Et deleniti rem voluptatem. Beatae porro et aspernatur consequuntur.',13),(62,48,'1988-07-09 06:20:43','Vel rem ex perspiciatis vel. Molestias voluptas nostrum non dolor omnis cumque nihil. Neque sapiente similique quidem ad enim quisquam.',90),(63,84,'1981-11-29 00:59:07','Dolore aut voluptatem suscipit autem atque incidunt voluptatum. Mollitia nemo et unde deleniti molestiae voluptas libero. Iste autem sint aut porro harum sed. Ab assumenda nisi odit.',18),(64,18,'1985-04-29 15:26:58','Aut accusantium tempore suscipit sapiente cupiditate eum nemo. Vero voluptas itaque sunt quisquam. Ut id quidem quia. Libero dolore magni recusandae eum voluptates voluptatem.',66),(65,28,'1999-08-09 23:34:02','Autem necessitatibus minima debitis voluptatem. Ipsa rem libero illum qui.',62),(66,5,'2017-10-20 19:01:35','Quia molestias laborum qui quis mollitia. Vero dolorem et aspernatur optio nobis commodi voluptatem. Iusto quasi voluptatem perferendis eligendi. Quia qui nam nemo dolor quo sit error facilis.',78),(67,65,'1981-06-27 08:07:25','Occaecati esse ut eius placeat voluptatum. Cupiditate ducimus qui autem rerum. Rem ut nam est in aut. Quam explicabo libero molestiae enim adipisci hic dolorem.',67),(68,34,'1976-09-28 07:56:40','Reiciendis quae reprehenderit ut. Suscipit sed eligendi temporibus. Qui consequatur cum aut qui in.',6),(69,21,'1971-03-28 13:49:09','Sit aut rerum sit commodi excepturi itaque voluptatum molestiae. Sed consequatur rerum assumenda odio dolores. Enim distinctio ea commodi alias. Ut error consequatur et hic harum ex.',21),(70,95,'1975-10-04 05:21:39','Molestias et aliquid sed excepturi. Dolorum quod doloremque sit rerum.',20),(71,42,'1997-09-26 04:23:16','Alias eos id sit veritatis enim assumenda quia sit. Rem officia occaecati sequi vitae quia non.',27),(72,6,'1995-10-08 11:57:12','Optio maiores hic maxime nam illum. Ipsam error sint quo. Cum quae animi distinctio quo. Possimus et enim laudantium quae ea est possimus.',51),(73,7,'1975-06-21 10:04:57','Dolor enim dolorem nesciunt asperiores molestiae et. Ut earum dolorem est velit. Sit sed ut distinctio eius aut.',29),(74,36,'2018-03-25 20:43:13','Laudantium quisquam et exercitationem pariatur veritatis pariatur. Nobis eos neque tempore ullam est modi dolor. Rerum recusandae autem reprehenderit sit mollitia.',17),(75,11,'1971-11-19 18:59:08','Quisquam enim quia modi eaque vero. Ipsa repellendus corrupti placeat odio animi ipsa qui. Cum id modi earum laboriosam aut. Cupiditate impedit delectus enim in ratione rerum est.',37),(76,16,'2011-06-06 15:09:26','Cumque perspiciatis nemo libero odit. Nulla molestiae culpa perspiciatis aut. Ipsum quia voluptates accusantium vel. Occaecati excepturi velit voluptas quam recusandae ut. Voluptas dolorum reprehenderit aperiam sunt aperiam.',14),(77,92,'1984-11-13 10:09:42','Voluptatem molestiae quis autem fugiat. Incidunt quae sunt repellendus eius. Neque quis consectetur recusandae ratione vel. Qui ipsa rem eum sint assumenda aspernatur dignissimos.',38),(78,83,'1990-01-29 20:46:28','Est impedit aut voluptas. Dignissimos nostrum nam quo facere. In qui aliquam id officiis.',22),(79,55,'1994-07-04 22:12:46','Aut quam rerum eveniet deserunt quia qui. Dolores perferendis qui molestiae consectetur adipisci cumque. Unde recusandae nobis laudantium error iusto.',79),(80,73,'1970-02-24 04:43:58','Iste possimus dolor sunt tempora. Sapiente harum minima aut quisquam impedit. Non consequuntur natus placeat voluptatem. Sint dolores aut architecto error commodi.',83),(81,82,'1984-10-31 06:57:33','Laudantium facilis ut tempora illo ipsam possimus. Sed voluptas minima nulla et. Consequatur saepe ut modi ducimus sit et.',40),(82,63,'2001-10-16 07:07:07','Ut sed ad consequatur velit sed rerum. Assumenda ex velit quidem ut. Nihil labore vel ea possimus. Veniam iste possimus occaecati similique illum repellendus.',78),(83,45,'1986-08-22 04:25:42','Ea expedita voluptatem id hic aut. Asperiores cum pariatur quidem rerum. Qui rerum sed in consequuntur et non. Dignissimos mollitia iste autem occaecati earum sed id.',44),(84,32,'1986-03-01 08:33:49','Libero ipsam repellendus ratione a. Exercitationem eum magnam quaerat quis exercitationem consequatur sunt. Perspiciatis doloribus amet aspernatur et ratione soluta magnam deleniti. Est quo voluptatem adipisci ullam dolorem quia et.',71),(85,17,'1972-06-12 21:41:20','Accusamus praesentium magnam atque. Est nihil beatae ullam qui. Et dicta quo velit sit veniam consequatur. Quaerat dolorum repellendus consequuntur minus molestias quae quo.',69),(86,61,'1986-12-07 10:28:42','Omnis sed enim voluptatibus molestias quia maxime. Nihil dolorem perspiciatis similique enim corrupti quia ea. Id impedit iure assumenda et vel est.',5),(87,64,'2006-08-13 12:12:13','Hic earum et eos quam laboriosam ut qui. Dolorem praesentium laborum quo neque repellendus ut quos et. Voluptatem dolorem nulla aspernatur.',79),(88,39,'2020-01-05 14:52:05','Aliquid sint ipsam numquam quia voluptate eius vel. Repellendus distinctio molestiae ea saepe. Aspernatur omnis reiciendis animi sunt non.',76),(89,96,'2008-09-21 03:59:02','Et vero quia ducimus officiis consequatur. Numquam veniam doloremque illum non exercitationem explicabo. Fuga non illum quo occaecati nemo voluptas. Nisi rerum aut beatae quia corporis sed dolor.',12),(90,58,'1991-01-13 20:54:29','Tempore non accusantium quia eaque aut expedita nisi. Deserunt assumenda alias non. Vitae libero hic dolorem excepturi nesciunt optio illum doloribus.',61),(91,92,'1990-01-26 10:47:53','Placeat quia labore eligendi ex tempora et repellendus quod. Debitis deserunt eum fugiat corrupti ea. Et cupiditate et consequatur delectus. Est quis hic voluptas quos quisquam excepturi quos.',88),(92,48,'2013-10-01 15:10:09','Quisquam expedita nisi est. Porro harum ipsam enim repellat cupiditate. Vel nihil deleniti rem fuga eos.',34),(93,93,'2011-02-06 03:14:12','Et recusandae minus autem repellendus earum ipsam. Facilis beatae soluta necessitatibus est. Aut id id possimus sed. Aut nobis sed sint laboriosam sunt dolores. Non a pariatur dolor quae repellendus ducimus nihil.',92),(94,83,'1970-11-13 22:07:16','Suscipit repellat exercitationem culpa architecto error. Delectus a quis accusamus soluta ut. Reiciendis amet consequatur rerum eaque.',99),(95,99,'2015-05-13 02:24:34','Exercitationem ipsam et ex earum quo. Asperiores dolores voluptatem autem omnis distinctio earum. Sit doloribus consequatur quia vel aut cupiditate. Inventore dolorem ab distinctio quo molestiae earum quia consectetur.',53),(96,46,'2016-01-21 21:33:27','Laboriosam debitis reiciendis blanditiis enim velit. Et sit facilis et explicabo beatae animi. Assumenda culpa facilis laudantium consequatur. Iusto quaerat dolorem doloremque veniam aliquam aut.',18),(97,67,'2017-10-06 14:43:34','Recusandae atque sunt natus quibusdam eligendi. Sed culpa dolore quos ab error explicabo voluptatem. Voluptatibus error voluptas quia dolorum nihil illum voluptatem. Quasi voluptas voluptates eveniet aut. Sed ullam laborum ipsam voluptas.',59),(98,92,'1994-03-08 12:54:16','Ut aperiam vel fuga quis quae. Debitis beatae blanditiis omnis quia. Quas officia et ut non aut commodi magnam. Minus laboriosam aut animi amet neque et.',1),(99,11,'2018-04-12 20:01:19','Nihil earum qui quo tempora eos nesciunt qui. Omnis nostrum nesciunt eligendi aliquam. Ab debitis sapiente laboriosam repellat fuga eaque dolor autem. Eos quo explicabo distinctio repellat qui et similique cum.',96),(100,8,'1983-02-16 22:47:58','Fugiat voluptatem et illo minus iure quia molestias. Earum eius possimus at incidunt quaerat. Labore voluptatem accusamus nesciunt. Excepturi quas voluptas voluptas sed. Tenetur velit natus dolorem fugit perspiciatis.',78);
/*!40000 ALTER TABLE `posts` ENABLE KEYS */;
UNLOCK TABLES;

--
-- Table structure for table `profiles`
--

DROP TABLE IF EXISTS `profiles`;
/*!40101 SET @saved_cs_client     = @@character_set_client */;
/*!50503 SET character_set_client = utf8mb4 */;
CREATE TABLE `profiles` (
  `user_id` int unsigned NOT NULL,
  `gender` char(1) NOT NULL,
  `birthday` date DEFAULT NULL,
  `city` varchar(130) DEFAULT NULL,
  `country` varchar(130) DEFAULT NULL,
  `is_private` tinyint(1) DEFAULT '0',
  `created_at` datetime DEFAULT CURRENT_TIMESTAMP,
  `updated_at` datetime DEFAULT CURRENT_TIMESTAMP ON UPDATE CURRENT_TIMESTAMP,
  PRIMARY KEY (`user_id`)
) ENGINE=InnoDB DEFAULT CHARSET=utf8mb4 COLLATE=utf8mb4_0900_ai_ci;
/*!40101 SET character_set_client = @saved_cs_client */;

--
-- Dumping data for table `profiles`
--

LOCK TABLES `profiles` WRITE;
/*!40000 ALTER TABLE `profiles` DISABLE KEYS */;
INSERT INTO `profiles` VALUES (1,'m','1980-02-17','Connfort','Colombia',0,'1983-12-29 13:10:58','1978-05-25 21:34:45'),(2,'f','1972-12-13','Arvillaborough','Tuvalu',0,'1977-08-07 07:37:40','1984-08-27 03:22:29'),(3,'m','1996-02-01','Cormierborough','Gibraltar',0,'2019-11-02 17:46:57','1995-10-10 13:59:27'),(4,'m','1995-05-24','Ernserview','Angola',0,'1995-04-11 00:18:50','2008-10-19 18:38:33'),(5,'m','1985-05-01','Carolynview','Samoa',0,'1996-04-27 17:26:46','1990-09-13 07:40:37'),(6,'m','2008-07-31','North Gladyshaven','Gibraltar',0,'1971-10-07 20:25:48','1986-02-06 15:42:07'),(7,'f','1982-02-11','Bahringerton','Azerbaijan',0,'2002-10-14 07:07:26','2002-05-13 16:33:09'),(8,'f','2008-04-03','Nitzscheport','Saint Helena',0,'1990-03-04 17:19:46','2008-04-10 13:06:56'),(9,'m','1981-02-07','Kiehnside','Mongolia',0,'2017-12-22 21:31:54','2007-01-14 21:39:33'),(10,'m','2016-09-14','D\'angelobury','Ireland',0,'2001-03-16 16:10:56','1993-06-16 04:53:20'),(11,'f','2005-12-05','Wilfredoville','Gabon',0,'2008-07-03 23:17:25','1978-11-16 19:27:27'),(12,'m','2012-04-25','Robbmouth','Bahamas',0,'1979-02-06 16:05:59','1998-11-29 07:17:55'),(13,'m','1996-04-02','Feilport','Poland',0,'1981-03-06 10:01:20','1986-01-16 07:45:31'),(14,'m','2012-09-05','Lake Tyree','Holy See (Vatican City State)',0,'1999-08-20 20:06:52','1978-06-02 07:17:10'),(15,'f','2009-04-04','Nolanborough','Serbia',0,'2008-01-19 06:10:38','1985-07-29 10:52:31'),(16,'m','1986-09-28','Deliabury','Norfolk Island',0,'1975-04-14 19:16:13','2020-02-20 01:23:04'),(17,'f','1983-11-20','Pacochaville','Zimbabwe',0,'2015-01-09 21:31:26','1994-08-23 14:59:03'),(18,'f','1970-06-21','Port Bulahstad','Netherlands Antilles',0,'1995-03-29 00:47:34','1971-06-10 03:21:14'),(19,'m','2015-05-08','Zemlakside','Finland',0,'1985-02-23 02:38:06','1978-10-18 22:31:19'),(20,'f','1997-04-24','East Rolando','Morocco',0,'1981-08-25 14:02:44','1997-02-12 05:37:46'),(21,'f','1971-10-19','Hickleport','Saudi Arabia',0,'2014-06-09 23:52:23','1972-09-07 02:12:48'),(22,'f','1997-09-07','Spencerfort','Cook Islands',0,'2016-07-20 01:10:54','1975-05-28 06:11:56'),(23,'m','1979-09-28','Corrineton','Uganda',0,'1997-05-28 03:26:46','1985-03-07 18:40:00'),(24,'f','2011-01-01','Wildermanshire','Micronesia',0,'2006-09-15 05:02:06','1971-05-02 10:15:09'),(25,'f','2002-02-12','Lucindashire','Cayman Islands',0,'1989-08-17 14:16:32','1981-08-24 16:18:37'),(26,'f','2016-11-15','South Eldora','Niue',0,'2007-05-08 10:01:35','2004-01-21 17:24:58'),(27,'m','2015-06-21','New Garrettmouth','Libyan Arab Jamahiriya',0,'2011-07-31 09:31:26','1987-06-07 08:18:47'),(28,'f','2019-10-12','East Lionel','Saint Vincent and the Grenadines',0,'1994-07-13 16:09:12','2000-07-13 12:28:01'),(29,'f','2007-03-29','Meagantown','Hong Kong',0,'1991-01-16 04:08:38','1990-02-20 05:50:22'),(30,'m','1984-04-18','West Elijah','Greenland',0,'1971-01-11 02:49:13','1998-12-06 08:06:18'),(31,'m','1989-07-06','South Joesphchester','Nepal',0,'1995-11-12 15:57:46','1978-03-22 13:37:23'),(32,'f','1978-02-16','Kuhnville','Germany',0,'2007-10-09 05:33:31','2019-11-19 06:03:04'),(33,'f','1988-05-08','Carolannefurt','Armenia',0,'2002-08-01 22:02:40','2017-12-22 22:11:39'),(34,'m','1992-06-26','Lake Dominique','Mexico',0,'1997-12-01 03:13:10','1997-10-12 23:45:15'),(35,'m','2007-02-10','Boehmburgh','Grenada',0,'1988-07-05 06:46:54','1985-04-29 07:54:43'),(36,'m','1980-02-20','Maxwellshire','Korea',0,'1976-02-13 22:21:36','1976-12-08 20:06:07'),(37,'m','2013-08-27','West Devante','San Marino',0,'2002-03-25 03:41:52','1991-05-26 15:19:41'),(38,'m','1978-11-26','West Rodrigomouth','Guatemala',0,'2001-03-02 00:54:39','2017-03-16 22:02:14'),(39,'f','1994-08-03','Schoenview','Peru',0,'1970-02-09 02:52:35','1996-06-03 03:27:56'),(40,'m','1972-12-09','McLaughlinland','Malta',0,'2010-06-24 22:06:29','1972-10-17 03:11:05'),(41,'m','1989-02-06','Kadefurt','Denmark',0,'2015-08-02 19:26:33','2014-09-22 16:46:21'),(42,'m','2017-07-31','Tillmanborough','Ecuador',0,'2017-12-29 11:57:13','1983-02-15 03:17:58'),(43,'f','2001-01-30','Alexzanderport','Belize',0,'1998-05-07 07:24:41','2003-01-30 05:12:27'),(44,'f','2001-04-23','Kathlynfurt','Georgia',0,'1980-01-31 17:14:08','1999-09-19 05:51:50'),(45,'m','1993-08-17','Annabellberg','Bhutan',0,'1977-02-19 03:23:01','2016-08-12 03:38:44'),(46,'f','1970-11-24','West Napoleonbury','Ukraine',0,'2015-11-03 11:15:40','1977-06-29 05:23:09'),(47,'f','1978-04-28','Welchchester','Uganda',0,'1980-06-20 10:44:05','2003-10-28 08:46:32'),(48,'f','1985-05-08','Ziemebury','Christmas Island',0,'1987-09-27 04:35:23','1983-06-15 08:46:31'),(49,'f','1986-11-19','East Ralphland','Guernsey',0,'1981-09-12 23:10:46','1998-06-16 21:58:06'),(50,'m','1985-12-25','New Keenanview','Central African Republic',0,'1999-10-16 14:45:41','1977-05-08 12:35:05'),(51,'f','2012-03-07','Emardbury','Korea',0,'1971-02-08 07:58:51','2013-09-10 04:39:03'),(52,'m','1995-04-11','Lake Deannafort','Sudan',0,'1999-06-09 21:32:24','2003-06-02 15:06:46'),(53,'m','2017-02-07','Kadinshire','Swaziland',0,'1976-05-29 07:31:19','1971-08-17 03:59:15'),(54,'f','1979-01-03','Taylortown','Korea',0,'1989-03-05 15:22:47','2015-07-28 21:48:03'),(55,'f','2011-03-04','North Sabrinastad','Norway',0,'1972-06-21 00:48:36','2003-08-10 00:10:43'),(56,'f','1999-08-12','Gottliebtown','Bhutan',0,'1985-10-25 17:15:08','1974-07-10 00:25:04'),(57,'f','1992-01-12','Harveyfort','Barbados',0,'1986-04-25 11:48:39','1984-10-11 04:24:08'),(58,'f','2011-11-12','South Bertrandburgh','Saudi Arabia',0,'1996-07-06 08:44:53','2013-05-24 01:13:32'),(59,'m','2004-09-07','North Loyal','Georgia',0,'1992-03-11 12:42:32','2008-05-11 06:43:38'),(60,'f','2000-06-18','Earnestinechester','Costa Rica',0,'2012-06-07 18:26:01','1990-12-26 03:53:58'),(61,'f','2018-09-08','Amandaland','Lebanon',0,'1981-11-01 10:37:23','2015-04-29 12:19:12'),(62,'m','2011-09-10','North Emmanuelle','Syrian Arab Republic',0,'1974-10-27 00:32:22','1972-03-04 04:19:42'),(63,'m','1999-07-22','North Keshawnshire','Morocco',0,'1979-03-18 11:33:17','1992-03-26 08:04:33'),(64,'m','2012-09-01','Jacquesside','Faroe Islands',0,'2009-07-03 09:07:01','1985-07-29 23:50:56'),(65,'m','1980-09-03','Anikafurt','South Georgia and the South Sandwich Islands',0,'2003-09-07 11:14:14','2017-04-18 05:21:32'),(66,'m','1973-06-07','Yundtbury','Iceland',0,'1972-09-25 22:24:33','1979-12-02 08:53:31'),(67,'f','1994-04-06','Lake Ollie','Saudi Arabia',0,'1979-01-08 17:13:47','1986-07-16 09:53:55'),(68,'f','1975-11-08','Wandaborough','Latvia',0,'1988-05-02 07:12:41','1987-05-24 21:20:15'),(69,'m','2000-10-27','New Ryleefurt','Albania',0,'1986-06-03 18:20:14','1977-06-21 06:16:55'),(70,'m','2009-11-15','Brownville','Nicaragua',0,'1970-03-21 02:59:43','1974-04-07 01:14:10'),(71,'m','1976-03-14','New Oceaneborough','Malawi',0,'1972-12-24 12:42:25','1982-12-22 18:19:39'),(72,'m','1983-03-09','McGlynnborough','Russian Federation',0,'1981-11-05 06:25:01','2014-08-20 01:12:12'),(73,'f','1995-10-21','New Edmundborough','Brazil',0,'1984-10-05 19:37:01','1991-08-12 12:19:50'),(74,'m','1998-04-17','Kesslershire','Niger',0,'2015-12-28 15:17:51','1979-02-13 02:59:04'),(75,'f','1973-11-04','New Shyannview','El Salvador',0,'2008-04-09 21:09:43','2016-11-09 18:26:44'),(76,'m','1985-04-11','Jerrodshire','Macedonia',0,'1983-08-22 04:03:31','2001-10-28 16:25:54'),(77,'m','1979-05-23','Strackeside','Malaysia',0,'1998-10-18 17:24:52','1984-06-12 16:55:34'),(78,'f','1977-08-21','Kyleburgh','San Marino',0,'1997-07-30 20:55:57','1988-03-17 21:43:27'),(79,'f','2001-05-28','Alvisberg','Libyan Arab Jamahiriya',0,'2007-05-04 20:03:31','2019-11-23 04:22:24'),(80,'m','1978-01-05','West Dahliaville','France',0,'2020-03-24 07:02:57','2003-04-19 13:38:19'),(81,'f','1998-06-16','Berneicefort','Greece',0,'2002-09-07 17:47:10','1990-04-14 10:05:12'),(82,'m','2015-04-01','South Kiel','Israel',0,'1981-03-03 19:43:10','1983-06-23 22:03:59'),(83,'f','2015-09-15','Hahnmouth','Niger',0,'2005-01-11 10:17:44','1987-10-22 04:01:18'),(84,'f','1987-08-31','O\'Keefemouth','Dominican Republic',0,'2002-04-09 07:35:44','1972-08-23 00:16:23'),(85,'m','2005-10-03','New Davionville','Netherlands Antilles',0,'1996-11-02 22:43:11','1971-02-14 09:23:47'),(86,'m','1985-12-19','Lake Camronborough','Japan',0,'2017-05-18 22:51:41','1978-12-02 08:59:01'),(87,'f','2009-10-15','Port Monserratside','Brunei Darussalam',0,'2011-06-24 11:51:10','1983-12-12 21:19:45'),(88,'m','1980-01-26','Declantown','Dominican Republic',0,'2009-01-29 15:22:48','1995-06-22 18:15:00'),(89,'f','1979-05-24','North Garryberg','Gambia',0,'1978-04-20 08:29:37','2002-12-26 02:44:46'),(90,'f','2006-08-29','Mathewstad','Panama',0,'2019-02-12 08:05:55','2012-11-25 02:48:08'),(91,'m','1987-09-20','Craigland','Rwanda',0,'1972-01-03 03:35:50','2009-01-09 08:15:43'),(92,'m','1973-07-29','New Katelynshire','Slovakia (Slovak Republic)',0,'2008-02-03 19:11:33','2006-03-02 06:04:31'),(93,'m','1974-07-11','Markustown','Slovenia',0,'2006-06-22 11:36:31','2015-05-09 18:54:06'),(94,'f','1996-05-26','North Sydnie','Belgium',0,'2000-10-26 04:57:24','1985-12-24 18:42:34'),(95,'f','1980-12-22','Arturobury','Kazakhstan',0,'1989-06-29 04:39:47','2009-12-20 22:13:22'),(96,'f','2002-11-03','Maddisonborough','Gibraltar',0,'1988-04-28 08:51:14','2002-06-07 05:34:39'),(97,'m','1998-01-10','New Dustin','Bolivia',0,'1996-07-12 11:18:51','2000-09-25 19:37:28'),(98,'f','1995-10-03','South Lenniebury','French Southern Territories',0,'1997-09-03 12:42:27','2012-05-27 03:29:30'),(99,'f','1992-12-23','North Deloresmouth','Italy',0,'2002-12-17 22:21:11','1981-04-06 13:02:18'),(100,'m','2016-06-27','Westmouth','Isle of Man',0,'1992-06-10 09:20:02','1978-11-23 00:56:40');
/*!40000 ALTER TABLE `profiles` ENABLE KEYS */;
UNLOCK TABLES;

--
-- Table structure for table `reactions`
--

DROP TABLE IF EXISTS `reactions`;
/*!40101 SET @saved_cs_client     = @@character_set_client */;
/*!50503 SET character_set_client = utf8mb4 */;
CREATE TABLE `reactions` (
  `id` int unsigned NOT NULL AUTO_INCREMENT,
  `reaction` varchar(20) DEFAULT NULL,
  PRIMARY KEY (`id`)
) ENGINE=InnoDB AUTO_INCREMENT=6 DEFAULT CHARSET=utf8mb4 COLLATE=utf8mb4_0900_ai_ci;
/*!40101 SET character_set_client = @saved_cs_client */;

--
-- Dumping data for table `reactions`
--

LOCK TABLES `reactions` WRITE;
/*!40000 ALTER TABLE `reactions` DISABLE KEYS */;
INSERT INTO `reactions` VALUES (1,'like'),(2,'dislike'),(3,'love'),(4,'crying'),(5,'angry');
/*!40000 ALTER TABLE `reactions` ENABLE KEYS */;
UNLOCK TABLES;

--
-- Table structure for table `user_statuses`
--

DROP TABLE IF EXISTS `user_statuses`;
/*!40101 SET @saved_cs_client     = @@character_set_client */;
/*!50503 SET character_set_client = utf8mb4 */;
CREATE TABLE `user_statuses` (
  `id` int unsigned NOT NULL AUTO_INCREMENT,
  `name` varchar(150) NOT NULL,
  PRIMARY KEY (`id`),
  UNIQUE KEY `name` (`name`)
) ENGINE=InnoDB AUTO_INCREMENT=4 DEFAULT CHARSET=utf8mb4 COLLATE=utf8mb4_0900_ai_ci;
/*!40101 SET character_set_client = @saved_cs_client */;

--
-- Dumping data for table `user_statuses`
--

LOCK TABLES `user_statuses` WRITE;
/*!40000 ALTER TABLE `user_statuses` DISABLE KEYS */;
INSERT INTO `user_statuses` VALUES (1,'active'),(2,'blocked'),(3,'deleted');
/*!40000 ALTER TABLE `user_statuses` ENABLE KEYS */;
UNLOCK TABLES;

--
-- Table structure for table `users`
--

DROP TABLE IF EXISTS `users`;
/*!40101 SET @saved_cs_client     = @@character_set_client */;
/*!50503 SET character_set_client = utf8mb4 */;
CREATE TABLE `users` (
  `id` int unsigned NOT NULL AUTO_INCREMENT,
  `first_name` varchar(100) NOT NULL,
  `last_name` varchar(100) NOT NULL,
  `email` varchar(100) NOT NULL,
  `phone` varchar(100) NOT NULL,
  `status_id` int unsigned NOT NULL DEFAULT '1',
  `created_at` datetime DEFAULT CURRENT_TIMESTAMP,
  `updated_at` datetime DEFAULT CURRENT_TIMESTAMP ON UPDATE CURRENT_TIMESTAMP,
  PRIMARY KEY (`id`),
  UNIQUE KEY `email` (`email`),
  UNIQUE KEY `phone` (`phone`)
) ENGINE=InnoDB AUTO_INCREMENT=101 DEFAULT CHARSET=utf8mb4 COLLATE=utf8mb4_0900_ai_ci;
/*!40101 SET character_set_client = @saved_cs_client */;

--
-- Dumping data for table `users`
--

LOCK TABLES `users` WRITE;
/*!40000 ALTER TABLE `users` DISABLE KEYS */;
INSERT INTO `users` VALUES (1,'Gina','Dietrich','ryder35@example.com','+7(285) 082-30-30',1,'1983-06-17 12:19:01','1984-10-30 06:04:02'),(2,'Linda','Brown','uprosacco@example.com','+7(540) 190-09-21',1,'2017-11-18 10:17:09','2020-05-13 14:23:18'),(3,'Jed','Kuphal','alana.prohaska@example.org','+7(919) 709-91-04',1,'1976-04-19 04:12:23','1980-01-02 23:46:13'),(4,'Constantin','Quitzon','melvina34@example.com','+7(292) 973-96-70',1,'1981-04-07 03:20:03','1999-06-23 12:06:43'),(5,'Emmalee','Kub','dmohr@example.org','+7(971) 284-97-33',1,'2011-09-29 09:28:47','2020-05-13 14:23:18'),(6,'Guy','Weber','vstrosin@example.org','+7(925) 366-84-30',1,'2002-07-18 05:56:42','2020-05-13 14:23:18'),(7,'Abe','Cole','walsh.lindsey@example.org','+7(176) 048-20-68',1,'1987-08-13 01:41:53','2020-05-13 14:23:18'),(8,'Audrey','Kohler','vrippin@example.org','+7(384) 440-47-80',1,'2010-06-29 00:01:10','2012-03-10 05:25:04'),(9,'Myrtis','Hauck','rkerluke@example.org','+7(196) 803-68-43',1,'1975-07-13 01:26:46','2014-11-12 07:02:08'),(10,'Shane','Hauck','wintheiser.ignacio@example.net','+7(803) 615-13-96',1,'1977-05-04 20:36:18','1993-11-12 21:26:00'),(11,'Colin','Auer','timmy70@example.net','+7(437) 549-51-24',1,'1990-05-12 19:55:35','2020-05-13 14:23:18'),(12,'Alverta','Dietrich','jacklyn09@example.com','+7(750) 217-98-05',1,'1987-01-06 06:04:35','2020-05-13 14:23:18'),(13,'Abigayle','Medhurst','hodkiewicz.alysa@example.org','+7(742) 678-78-01',1,'1983-10-04 03:36:51','2020-05-13 14:23:18'),(14,'Donnie','Kub','jlemke@example.com','+7(076) 754-72-18',1,'2006-12-10 13:06:22','2020-05-13 14:23:18'),(15,'Cynthia','Terry','allene55@example.com','+7(952) 072-64-17',1,'1998-01-02 23:33:43','2010-08-12 05:51:01'),(16,'Emmie','Moen','sasha.bayer@example.org','+7(018) 538-44-91',1,'1983-05-13 10:05:38','2001-05-01 17:34:17'),(17,'Einar','Grady','mweissnat@example.net','+7(052) 554-64-08',1,'1986-02-09 13:55:26','1987-06-19 14:36:03'),(18,'Cayla','Goodwin','llewellyn.hudson@example.org','+7(076) 610-26-24',1,'1983-06-20 14:41:09','2011-04-17 12:00:14'),(19,'Mortimer','Kautzer','savanah.corwin@example.org','+7(203) 560-62-92',1,'1986-07-01 02:45:46','1994-11-17 09:08:25'),(20,'Branson','Douglas','fthiel@example.com','+7(355) 497-28-84',1,'1972-12-04 08:48:47','2003-08-25 20:51:10'),(21,'Elton','Ritchie','po\'connell@example.com','+7(645) 186-75-32',1,'2011-03-09 12:01:39','2020-05-13 14:23:18'),(22,'Alberta','Prosacco','dorris85@example.net','+7(150) 835-15-56',1,'1991-02-02 07:51:08','2004-09-21 21:08:48'),(23,'Richie','Breitenberg','hbalistreri@example.net','+7(786) 080-38-98',1,'1999-03-02 06:39:33','2009-02-27 12:11:35'),(24,'Terrance','Crooks','baumbach.vernie@example.com','+7(036) 816-65-62',1,'1978-05-21 09:12:09','1985-09-28 19:57:23'),(25,'Zora','Prosacco','aron39@example.org','+7(147) 169-15-31',1,'1995-01-27 10:29:43','2020-05-13 14:23:18'),(26,'Dahlia','Leannon','judy.satterfield@example.com','+7(487) 747-62-17',1,'2010-07-19 10:39:31','2013-11-10 21:53:34'),(27,'Rhett','Ankunding','aubree46@example.org','+7(517) 432-17-81',1,'1982-03-09 02:00:03','2003-06-18 07:13:39'),(28,'Kyra','McCullough','willie89@example.com','+7(551) 891-20-40',1,'1971-09-28 10:01:03','1995-01-17 22:29:50'),(29,'Nicolette','Brown','obradtke@example.com','+7(779) 870-00-26',1,'1981-09-06 08:03:06','2020-05-13 14:23:18'),(30,'Arch','Fisher','wiegand.salma@example.net','+7(758) 946-78-23',1,'1977-06-02 18:35:41','2020-05-13 14:23:18'),(31,'Alford','D\'Amore','jaylon.wisoky@example.org','+7(275) 090-03-15',1,'1972-10-12 18:23:41','1974-03-22 09:12:45'),(32,'Heaven','Schoen','vspinka@example.net','+7(792) 146-85-84',1,'1976-09-22 08:09:08','1985-08-08 16:01:52'),(33,'Kacey','Christiansen','toy.ciara@example.net','+7(838) 410-66-91',1,'1998-08-12 12:01:19','2020-05-13 14:23:18'),(34,'Isadore','Schuster','anabelle77@example.org','+7(718) 079-90-25',1,'1977-03-20 18:58:38','1988-12-26 18:13:12'),(35,'Aileen','Kulas','syundt@example.org','+7(609) 725-07-60',1,'1991-11-09 17:48:04','2017-04-15 16:58:25'),(36,'Bridget','Franecki','dwight.wilkinson@example.net','+7(113) 284-24-92',1,'1973-06-02 01:46:15','2020-05-13 14:23:18'),(37,'Jaydon','Fay','timothy59@example.net','+7(424) 344-00-21',1,'2012-08-17 13:20:18','2020-05-13 14:23:18'),(38,'Sophia','Friesen','gianni69@example.org','+7(558) 652-95-33',1,'1978-03-03 23:54:46','2020-05-13 14:23:18'),(39,'Hans','Bogan','koby.schiller@example.net','+7(829) 850-41-71',1,'1986-12-09 07:34:34','2020-05-13 14:23:18'),(40,'Corine','Sipes','rquitzon@example.org','+7(584) 863-56-01',1,'1970-07-19 08:49:08','1974-04-24 06:03:36'),(41,'Modesta','Olson','theodore95@example.org','+7(526) 776-92-75',1,'1994-12-27 00:03:46','2006-09-20 08:29:41'),(42,'Haven','Gutmann','xjacobi@example.com','+7(533) 168-04-64',1,'1978-07-17 20:50:10','2020-05-13 14:23:18'),(43,'Mariane','Schinner','swaniawski.deanna@example.com','+7(680) 825-05-44',1,'2017-09-08 11:02:28','2020-05-13 14:23:18'),(44,'Casimer','Schmitt','delbert17@example.org','+7(387) 935-93-73',1,'1996-07-09 22:07:15','2020-05-13 14:23:18'),(45,'Carolyne','Keeling','bartoletti.cordia@example.org','+7(294) 296-14-86',1,'1970-06-16 02:55:47','2019-04-20 06:12:08'),(46,'Cheyenne','Schimmel','zfritsch@example.org','+7(235) 711-30-09',1,'1975-07-07 00:18:16','2017-08-01 06:46:39'),(47,'Lorenza','Stroman','hegmann.eudora@example.org','+7(757) 804-06-85',1,'1970-09-06 15:01:35','2020-05-13 14:23:18'),(48,'Alf','Deckow','khudson@example.net','+7(702) 278-09-61',1,'2003-02-02 00:36:34','2020-05-13 14:23:18'),(49,'Marianne','Lockman','autumn.durgan@example.net','+7(523) 810-57-80',1,'2002-05-01 17:55:52','2020-05-13 14:23:18'),(50,'Alvis','Haag','brooke36@example.com','+7(540) 974-92-15',1,'1974-11-07 10:17:24','2011-06-03 17:47:45'),(51,'Antonina','Graham','ujohnston@example.org','+7(427) 784-59-65',1,'1989-11-26 19:34:49','2014-02-15 09:13:02'),(52,'Emmitt','Harvey','peggie.hane@example.com','+7(043) 996-16-19',1,'1976-04-03 23:55:32','1984-01-04 04:36:19'),(53,'Hershel','Lang','hane.loy@example.com','+7(066) 010-02-99',1,'1990-10-09 19:52:02','2008-02-21 18:53:00'),(54,'Yadira','Jast','misael.morissette@example.net','+7(917) 050-80-84',1,'1992-03-11 17:12:48','2009-05-02 13:24:29'),(55,'Gregg','DuBuque','qrohan@example.net','+7(848) 976-09-76',1,'2009-12-28 06:38:29','2020-05-13 14:23:18'),(56,'Destin','Koss','vsmitham@example.net','+7(148) 395-22-42',1,'1992-10-20 15:36:40','2020-05-13 14:23:18'),(57,'Etha','Fay','weldon.tillman@example.net','+7(589) 792-30-05',1,'2011-08-27 03:25:59','2020-05-13 14:23:18'),(58,'Adolf','Torp','west.kennedy@example.com','+7(668) 804-80-65',1,'1983-03-04 16:59:19','2012-03-10 12:31:22'),(59,'Wilmer','Kub','xspinka@example.com','+7(699) 890-62-29',1,'1983-10-27 00:18:19','2004-03-26 19:09:11'),(60,'Amari','Jacobs','ebert.frieda@example.com','+7(652) 443-89-82',1,'2006-07-29 17:57:34','2020-05-13 14:23:18'),(61,'Ila','Williamson','bcummerata@example.com','+7(206) 786-73-66',1,'1991-04-06 17:36:13','2020-05-13 14:23:18'),(62,'Meggie','Spinka','corrine33@example.net','+7(112) 967-19-71',1,'1992-07-19 03:03:34','2006-01-17 01:36:58'),(63,'Collin','Dibbert','alabadie@example.org','+7(975) 241-92-23',1,'1982-02-27 02:54:10','2009-01-16 05:45:08'),(64,'Ruby','Simonis','awilderman@example.org','+7(027) 666-60-02',1,'1988-03-18 21:56:51','2020-05-13 14:23:18'),(65,'Nicola','Bernhard','zreichel@example.com','+7(763) 003-14-91',1,'1974-01-14 21:23:46','2016-02-03 22:02:47'),(66,'Breana','Ward','pagac.mertie@example.com','+7(458) 823-18-92',1,'2004-07-16 06:53:59','2020-05-13 14:23:18'),(67,'Giles','Beier','wendell92@example.net','+7(088) 996-53-76',1,'1992-12-05 13:37:04','2020-05-13 14:23:18'),(68,'Leanna','Metz','parisian.carley@example.com','+7(857) 978-15-21',1,'2018-03-28 04:54:45','2020-05-13 14:23:18'),(69,'Agustina','Spinka','sandrine89@example.net','+7(837) 167-03-45',1,'2009-02-22 18:43:31','2020-05-13 14:23:18'),(70,'Kenyatta','Schneider','durgan.fabian@example.org','+7(530) 169-89-82',1,'1972-01-04 13:57:09','1990-10-19 12:52:49'),(71,'Keenan','Predovic','roberts.cordia@example.net','+7(783) 650-70-46',1,'1988-01-18 07:15:25','2008-01-02 13:35:36'),(72,'Brody','Friesen','volson@example.org','+7(819) 804-66-56',1,'1992-05-14 11:04:59','2020-05-13 14:23:18'),(73,'Floy','Erdman','wyatt.collins@example.org','+7(127) 501-61-77',1,'1986-07-25 23:47:41','2020-05-13 14:23:18'),(74,'Rashawn','Bahringer','nolan.nakia@example.com','+7(741) 628-39-07',1,'1998-01-06 20:01:11','2020-05-13 14:23:18'),(75,'Brandyn','Leuschke','josiane.hackett@example.net','+7(595) 980-58-11',1,'2005-05-17 20:09:14','2020-05-13 14:23:18'),(76,'Janie','Zieme','adickens@example.com','+7(325) 791-47-55',1,'2007-01-21 18:45:44','2020-05-13 14:23:18'),(77,'Cary','Little','susanna64@example.net','+7(358) 476-68-09',1,'1994-09-07 03:33:26','2004-05-16 05:25:50'),(78,'Adrianna','Lowe','madelyn.fritsch@example.com','+7(969) 182-21-43',1,'1991-04-07 01:40:34','2020-05-13 14:23:18'),(79,'Ward','Goodwin','fritz92@example.org','+7(419) 767-19-30',1,'2012-04-11 02:26:27','2020-05-13 14:23:18'),(80,'Tiffany','Williamson','lon09@example.net','+7(051) 788-05-58',1,'1980-07-14 05:26:09','1999-02-25 20:22:59'),(81,'Brock','Smith','zjast@example.org','+7(839) 352-10-88',1,'2014-06-30 01:47:43','2020-05-13 14:23:18'),(82,'Kristin','Konopelski','kiarra.tremblay@example.com','+7(590) 048-59-87',1,'1990-09-22 16:17:13','2007-01-05 13:19:15'),(83,'Forest','Hoppe','cletus.conroy@example.com','+7(022) 041-99-93',1,'2006-03-15 13:51:26','2013-03-12 12:19:28'),(84,'Minerva','Torphy','coby54@example.net','+7(983) 717-15-44',1,'1974-02-16 06:50:57','1991-03-05 14:29:24'),(85,'Chris','Morar','dhoeger@example.org','+7(453) 796-29-27',1,'2013-04-10 07:08:24','2020-05-13 14:23:18'),(86,'Gilberto','Dare','vada17@example.org','+7(223) 469-58-91',1,'2009-11-22 16:23:10','2020-05-13 14:23:18'),(87,'Darlene','Abbott','gardner81@example.com','+7(324) 787-63-44',1,'2002-01-29 19:11:36','2015-02-14 00:28:50'),(88,'Addison','Schmitt','evangeline64@example.com','+7(431) 158-79-74',1,'1973-11-24 21:31:55','1979-10-23 00:19:22'),(89,'Shad','Powlowski','norval.yost@example.net','+7(874) 929-77-29',1,'2008-11-12 01:34:44','2018-03-13 00:46:40'),(90,'Euna','Rath','lockman.nichole@example.net','+7(464) 771-66-72',1,'1992-12-11 17:30:47','2010-08-26 07:41:29'),(91,'Christina','Schaefer','aschumm@example.org','+7(550) 329-55-61',1,'1978-01-17 04:13:51','1988-06-12 12:09:36'),(92,'Rahul','Nikolaus','nherman@example.net','+7(479) 880-07-75',1,'2009-08-17 01:40:49','2020-05-13 14:23:18'),(93,'Milton','Huels','sydni.padberg@example.org','+7(079) 693-76-25',1,'1996-12-13 17:38:01','2020-05-13 14:23:18'),(94,'Margot','Wilderman','nosinski@example.org','+7(709) 887-68-36',1,'1971-10-21 07:43:29','1975-08-22 21:05:39'),(95,'Wyman','Roberts','friesen.augustus@example.org','+7(663) 838-36-96',1,'2020-01-07 23:19:43','2020-05-13 14:23:18'),(96,'Khalid','Greenholt','else.roob@example.net','+7(018) 256-35-93',1,'1992-10-25 10:00:21','2020-05-13 14:23:18'),(97,'Peter','Miller','ckoepp@example.org','+7(300) 919-50-95',1,'2002-09-18 19:51:48','2020-05-13 14:23:18'),(98,'Clara','Roob','edietrich@example.com','+7(900) 637-75-96',1,'1988-03-14 07:46:21','2020-05-13 14:23:18'),(99,'Lavern','Haley','berry.ankunding@example.org','+7(763) 227-04-62',1,'1979-02-25 19:37:31','1983-08-18 11:41:39'),(100,'Keyshawn','Cassin','ebode@example.net','+7(569) 925-97-52',1,'1994-04-16 11:21:11','2001-10-12 02:06:25');
/*!40000 ALTER TABLE `users` ENABLE KEYS */;
UNLOCK TABLES;

--
-- Table structure for table `users_links`
--

DROP TABLE IF EXISTS `users_links`;
/*!40101 SET @saved_cs_client     = @@character_set_client */;
/*!50503 SET character_set_client = utf8mb4 */;
CREATE TABLE `users_links` (
  `user_id` int unsigned NOT NULL,
  `link` varchar(150) NOT NULL,
  UNIQUE KEY `link` (`link`)
) ENGINE=InnoDB DEFAULT CHARSET=utf8mb4 COLLATE=utf8mb4_0900_ai_ci;
/*!40101 SET character_set_client = @saved_cs_client */;

--
-- Dumping data for table `users_links`
--

LOCK TABLES `users_links` WRITE;
/*!40000 ALTER TABLE `users_links` DISABLE KEYS */;
/*!40000 ALTER TABLE `users_links` ENABLE KEYS */;
UNLOCK TABLES;
/*!40103 SET TIME_ZONE=@OLD_TIME_ZONE */;

/*!40101 SET SQL_MODE=@OLD_SQL_MODE */;
/*!40014 SET FOREIGN_KEY_CHECKS=@OLD_FOREIGN_KEY_CHECKS */;
/*!40014 SET UNIQUE_CHECKS=@OLD_UNIQUE_CHECKS */;
/*!40101 SET CHARACTER_SET_CLIENT=@OLD_CHARACTER_SET_CLIENT */;
/*!40101 SET CHARACTER_SET_RESULTS=@OLD_CHARACTER_SET_RESULTS */;
/*!40101 SET COLLATION_CONNECTION=@OLD_COLLATION_CONNECTION */;
/*!40111 SET SQL_NOTES=@OLD_SQL_NOTES */;

-- Dump completed on 2020-05-13 14:33:12
