-- РЕАЛИЗАЦИЯ ЛАЙКОВ И ПОСТОВ
-- создала отдельные таблицы 
-- 1. posts - тут все более или менее очевидно
-- 2. likes - поле reaction ссылается на таблицу с реакциями . может это избыточно и достаточно просто было кодового слова для реакции. НЕ смогла оценить.
-- 3. reactions - тут кодовые слова для реакций. Можно в будущем добавить ссылки на картинки, которые их визуализируют.
-- 4. comments - не уверена, что так можно сделать, но сделала )) так как комментарии могут быть как на посты, так и на комментарии, 
-- создала 2 поля "post_id" для ссылки на пост и "mother_comment_id" для ссылки на комментарий, то есть на ту же таблицу comments.
-- возможно в этом случае надо было сделать отдельную таблицу с полями comment_id, post_id и mother_comment_id где все связать.
-- заполнила с использованием сервиса dbfill. Потом хотела откорректировать таблицу comments, так как поля post_id и mother_comment_id 
-- являются взаимоисключающими. Часть полей с post_id случайным образом заполнила значением NULL. 
-- Хотела потом заполнить поля mother_comment_id значением NULL, при условии непустого post_id, но не работает.
-- Ошибку не выдает, но ничего не обновляет.

USE vk;

CREATE TABLE posts (
  id INT UNSIGNED NOT NULL AUTO_INCREMENT PRIMARY KEY,
  user_id INT UNSIGNED NOT NULL, 
  created_at DATETIME DEFAULT CURRENT_TIMESTAMP,
  post_txt TEXT NOT NULL,
  media_id INT UNSIGNED
  );
  
  CREATE TABLE reactions (
  id INT UNSIGNED NOT NULL AUTO_INCREMENT PRIMARY KEY,
  reaction VARCHAR(20) 
  );
  INSERT INTO reactions  VALUES (1, 'like');
  INSERT INTO reactions VALUES (2, 'dislike');
  INSERT INTO reactions VALUES (3, 'love');
  INSERT INTO reactions VALUES (4, 'crying');
  INSERT INTO reactions VALUES (5, 'angry');
  

CREATE TABLE likes (
  id INT UNSIGNED NOT NULL AUTO_INCREMENT PRIMARY KEY,
  post_id INT UNSIGNED NOT NULL,
  user_id INT UNSIGNED NOT NULL, 
  created_at DATETIME DEFAULT CURRENT_TIMESTAMP,
  reaction_id INT UNSIGNED NOT NULL
  );
  
  CREATE TABLE comments (
  id INT UNSIGNED NOT NULL AUTO_INCREMENT PRIMARY KEY,
  user_id INT UNSIGNED NOT NULL, 
  created_at DATETIME DEFAULT CURRENT_TIMESTAMP,
  comment_txt TEXT NOT NULL,
  post_id INT UNSIGNED,
  mother_comment_id INT UNSIGNED
  );
  
INSERT INTO `posts` (`id`, `user_id`, `created_at`, `post_txt`, `media_id`) VALUES (1, 65, '2005-10-24 23:54:31', 'Voluptate voluptas similique at ut voluptatem excepturi. Quos impedit nulla magnam tempora reiciendis voluptas.', 20);
INSERT INTO `posts` (`id`, `user_id`, `created_at`, `post_txt`, `media_id`) VALUES (2, 39, '1975-11-16 02:52:15', 'Illo ullam laborum excepturi natus reprehenderit voluptas illum. Vel rerum placeat perferendis vitae voluptatum vel fuga. Vero ad ea quia. Dignissimos impedit omnis deleniti est laudantium. Recusandae accusamus laboriosam voluptate sint nostrum possimus.', 29);
INSERT INTO `posts` (`id`, `user_id`, `created_at`, `post_txt`, `media_id`) VALUES (3, 47, '2004-06-19 01:23:11', 'Et quasi nobis ipsam quisquam impedit sed molestiae. Deleniti enim minus fugiat ab et quasi perferendis. Fugit est et alias. Recusandae similique vitae sit eaque.', 54);
INSERT INTO `posts` (`id`, `user_id`, `created_at`, `post_txt`, `media_id`) VALUES (4, 18, '1981-10-06 19:31:53', 'Dolor qui et voluptate sed architecto occaecati. Iusto magni et culpa itaque iure. Eveniet quia sint et dignissimos odio. Error a est maxime quam.', 40);
INSERT INTO `posts` (`id`, `user_id`, `created_at`, `post_txt`, `media_id`) VALUES (5, 61, '2000-11-18 05:02:36', 'Quis necessitatibus mollitia ipsam tempore ab quibusdam. Dolor cum et magni tempore incidunt rerum libero. Quae nihil est optio magni odio voluptas facere. Quia illum illo animi non officia vero.', 71);
INSERT INTO `posts` (`id`, `user_id`, `created_at`, `post_txt`, `media_id`) VALUES (6, 47, '1985-06-21 02:04:50', 'Sed aperiam sed et et debitis. In nam natus corrupti aut. Est vitae facere quia corporis.', 10);
INSERT INTO `posts` (`id`, `user_id`, `created_at`, `post_txt`, `media_id`) VALUES (7, 3, '1974-09-26 13:28:24', 'Mollitia natus ea aut similique deserunt libero est. Neque temporibus repudiandae quia corporis impedit et occaecati. Fugit expedita exercitationem voluptatum voluptatibus. Totam ab expedita molestias at assumenda voluptatem modi.', 80);
INSERT INTO `posts` (`id`, `user_id`, `created_at`, `post_txt`, `media_id`) VALUES (8, 16, '2013-09-14 08:30:55', 'Explicabo delectus dolorem quis temporibus. Id quia voluptatem occaecati inventore.', 52);
INSERT INTO `posts` (`id`, `user_id`, `created_at`, `post_txt`, `media_id`) VALUES (9, 6, '1971-04-05 06:13:57', 'Autem ut nisi accusamus corporis sunt. Voluptatem nisi in corporis et a sit aut. Sed omnis voluptas et temporibus.', 67);
INSERT INTO `posts` (`id`, `user_id`, `created_at`, `post_txt`, `media_id`) VALUES (10, 17, '2014-06-24 09:33:18', 'Praesentium similique repellat voluptatibus dicta sapiente dolores incidunt. Qui fugit praesentium unde sed voluptatibus quis. Et quidem ipsa dolorum enim suscipit nihil error quo.', 58);
INSERT INTO `posts` (`id`, `user_id`, `created_at`, `post_txt`, `media_id`) VALUES (11, 41, '2013-06-29 05:07:16', 'Qui odio veritatis architecto ut. Illo ea asperiores est nihil. Magnam harum eos nihil molestiae est soluta aliquid. Corrupti pariatur est ut quam accusamus animi vel. Consequatur necessitatibus sunt rerum molestiae accusamus.', 49);
INSERT INTO `posts` (`id`, `user_id`, `created_at`, `post_txt`, `media_id`) VALUES (12, 86, '2019-03-15 19:32:14', 'Fuga exercitationem rerum possimus soluta veniam pariatur quisquam. Omnis et fugiat sunt saepe est at ratione. Quia cumque tempora sed recusandae.', 39);
INSERT INTO `posts` (`id`, `user_id`, `created_at`, `post_txt`, `media_id`) VALUES (13, 66, '1985-05-08 06:51:03', 'Aut aliquam magnam ut nihil culpa in nemo. Quaerat sapiente fugiat sit voluptas.', 98);
INSERT INTO `posts` (`id`, `user_id`, `created_at`, `post_txt`, `media_id`) VALUES (14, 35, '2011-02-06 08:23:21', 'Distinctio est id in harum sed. Voluptatum consectetur nostrum atque aliquid. Beatae voluptas laboriosam quaerat aut. Expedita consequuntur aspernatur harum deleniti id qui sit.', 83);
INSERT INTO `posts` (`id`, `user_id`, `created_at`, `post_txt`, `media_id`) VALUES (15, 14, '1994-07-06 01:51:00', 'Sapiente veritatis et molestiae sint. Rerum vel sint dignissimos quisquam voluptas aut aut. Repellat fugit et et aut minima autem consequatur.', 42);
INSERT INTO `posts` (`id`, `user_id`, `created_at`, `post_txt`, `media_id`) VALUES (16, 84, '1977-09-11 19:33:39', 'Ut sint beatae voluptatem quia dolorum voluptatem. Id odio voluptas omnis est placeat. Velit quis fugiat nostrum dolores nesciunt veniam consequatur.', 96);
INSERT INTO `posts` (`id`, `user_id`, `created_at`, `post_txt`, `media_id`) VALUES (17, 67, '2008-07-27 13:37:08', 'Autem laborum eligendi eaque assumenda tempora doloremque. Perspiciatis aliquid voluptas sit dolor. Consectetur corrupti nihil ducimus fuga consequatur tempore.', 88);
INSERT INTO `posts` (`id`, `user_id`, `created_at`, `post_txt`, `media_id`) VALUES (18, 39, '2009-04-07 10:02:08', 'Cumque est rerum reprehenderit qui. Similique ea fuga velit exercitationem possimus accusantium eum. Expedita quo eaque eum consequuntur voluptatem.', 46);
INSERT INTO `posts` (`id`, `user_id`, `created_at`, `post_txt`, `media_id`) VALUES (19, 15, '1998-11-15 07:58:03', 'Quas accusamus veritatis non tempore. Rem ut in saepe necessitatibus id est blanditiis. Esse corporis voluptates nostrum reprehenderit. Tempore consequuntur animi nobis.', 38);
INSERT INTO `posts` (`id`, `user_id`, `created_at`, `post_txt`, `media_id`) VALUES (20, 71, '1992-07-21 20:47:28', 'Explicabo explicabo minima error minus tenetur consequuntur. Quod quis cumque quia omnis est consequatur. Enim error inventore aut ratione. Eius totam enim distinctio iusto ut.', 37);
INSERT INTO `posts` (`id`, `user_id`, `created_at`, `post_txt`, `media_id`) VALUES (21, 8, '1987-04-11 11:19:25', 'Sit voluptates sunt qui repellendus. Quaerat minima exercitationem doloribus est dignissimos aut. Quo temporibus provident impedit cum.', 37);
INSERT INTO `posts` (`id`, `user_id`, `created_at`, `post_txt`, `media_id`) VALUES (22, 2, '1972-10-21 05:35:22', 'Quo pariatur quae ut. Reprehenderit necessitatibus totam ad corrupti a quia.', 1);
INSERT INTO `posts` (`id`, `user_id`, `created_at`, `post_txt`, `media_id`) VALUES (23, 29, '1993-10-23 16:02:52', 'Voluptatum officiis id dolorem voluptatem fugit. Esse doloremque eum est voluptatem et aspernatur fugit. Debitis impedit et neque sequi nihil. Dolores non et quod iure aut ea et.', 3);
INSERT INTO `posts` (`id`, `user_id`, `created_at`, `post_txt`, `media_id`) VALUES (24, 7, '2020-01-28 06:46:18', 'Asperiores qui voluptatem quod ad omnis fuga. Velit et assumenda aperiam. Harum est in facere molestiae. Officia corrupti totam occaecati occaecati quibusdam qui.', 17);
INSERT INTO `posts` (`id`, `user_id`, `created_at`, `post_txt`, `media_id`) VALUES (25, 80, '1989-01-26 17:41:57', 'Animi accusamus cumque nihil porro aut. Soluta cupiditate reprehenderit sint. Sit occaecati nesciunt laboriosam. Provident et totam aperiam quo.', 37);
INSERT INTO `posts` (`id`, `user_id`, `created_at`, `post_txt`, `media_id`) VALUES (26, 23, '1983-05-29 19:42:47', 'Fuga ipsum et neque. Accusamus dignissimos aspernatur non beatae sit velit. Et laudantium harum laboriosam soluta.', 85);
INSERT INTO `posts` (`id`, `user_id`, `created_at`, `post_txt`, `media_id`) VALUES (27, 59, '2010-01-23 08:53:28', 'Odit ut magni explicabo recusandae ipsa molestiae quae. Illo aut voluptatem cumque qui.', 13);
INSERT INTO `posts` (`id`, `user_id`, `created_at`, `post_txt`, `media_id`) VALUES (28, 51, '2010-11-25 00:23:46', 'Dolorem unde aliquam eaque molestiae. Esse magnam aperiam libero impedit. Exercitationem nam facilis culpa id. Dolores velit consequatur rerum non beatae.', 15);
INSERT INTO `posts` (`id`, `user_id`, `created_at`, `post_txt`, `media_id`) VALUES (29, 88, '1981-09-23 06:27:52', 'Sed nihil ducimus vel voluptate ab. Qui nostrum ipsa eaque distinctio et non at. Neque itaque delectus quo est blanditiis quibusdam aliquid. Quo laudantium dolor doloremque autem reprehenderit ea.', 54);
INSERT INTO `posts` (`id`, `user_id`, `created_at`, `post_txt`, `media_id`) VALUES (30, 1, '2015-10-20 13:40:12', 'Voluptatem qui facilis aut repudiandae nihil necessitatibus quia. Ducimus architecto qui tempora non velit suscipit. Est repudiandae praesentium molestiae at mollitia magnam sit totam. Vel dicta officia quas nam.', 6);
INSERT INTO `posts` (`id`, `user_id`, `created_at`, `post_txt`, `media_id`) VALUES (31, 4, '1996-10-16 04:45:34', 'Consequatur rerum beatae consequatur facilis sapiente sequi nam. Nemo sed et aliquid voluptatibus blanditiis harum. Assumenda non praesentium est magnam vel molestiae explicabo. Est eum et officia sed quod quasi eos.', 30);
INSERT INTO `posts` (`id`, `user_id`, `created_at`, `post_txt`, `media_id`) VALUES (32, 22, '1990-03-13 04:25:13', 'Enim et doloremque vero iusto. Dignissimos maiores error qui et repudiandae aut. Enim expedita dicta alias quia et ipsa ratione. Accusamus cupiditate nobis mollitia consequuntur est id error. Eum molestias perferendis doloribus accusamus vel error ipsam.', 37);
INSERT INTO `posts` (`id`, `user_id`, `created_at`, `post_txt`, `media_id`) VALUES (33, 55, '2007-07-04 03:34:51', 'Vel enim est odit. Tenetur nobis rerum consequatur qui aspernatur ut. Itaque sed officia dolorem consequuntur minima. Molestiae id et natus blanditiis voluptatem eaque nulla.', 46);
INSERT INTO `posts` (`id`, `user_id`, `created_at`, `post_txt`, `media_id`) VALUES (34, 43, '1983-03-30 00:33:46', 'Vero aliquam nihil maiores fugiat eligendi labore. Est quis qui nesciunt et nesciunt omnis quo eos. Vel iure et ipsam animi culpa voluptatem vitae et.', 47);
INSERT INTO `posts` (`id`, `user_id`, `created_at`, `post_txt`, `media_id`) VALUES (35, 40, '2014-08-23 14:18:26', 'Molestiae eos nobis iusto dolor. Sapiente delectus et eaque aut dolorum distinctio sed. Et repellat excepturi omnis quis eius fugiat error et. Quis ipsa labore facere cum quasi iure voluptatem debitis.', 51);
INSERT INTO `posts` (`id`, `user_id`, `created_at`, `post_txt`, `media_id`) VALUES (36, 74, '1972-03-03 06:52:18', 'Distinctio temporibus dolorem et expedita cumque quo. Et sequi quia molestias nostrum. Ut dicta aspernatur et. Ut nihil laboriosam sequi in minus.', 37);
INSERT INTO `posts` (`id`, `user_id`, `created_at`, `post_txt`, `media_id`) VALUES (37, 51, '2007-10-14 23:59:39', 'Est consectetur velit ad animi. Quibusdam qui veniam sed provident. Dolorem aperiam blanditiis quas deleniti. Aliquam veritatis aut minus et vel atque.', 79);
INSERT INTO `posts` (`id`, `user_id`, `created_at`, `post_txt`, `media_id`) VALUES (38, 3, '2000-06-14 03:52:09', 'Dolor ex asperiores sed quidem doloremque incidunt soluta. Corporis aut eos dolore officia voluptatem necessitatibus vitae. Non occaecati cum nam in dolore sed sunt aperiam. Vel illo et blanditiis repellat sint reiciendis.', 60);
INSERT INTO `posts` (`id`, `user_id`, `created_at`, `post_txt`, `media_id`) VALUES (39, 10, '2014-07-03 14:34:05', 'Aut nam aperiam et omnis modi. Similique et quidem beatae id consequatur enim. Animi consequuntur et minima architecto.', 91);
INSERT INTO `posts` (`id`, `user_id`, `created_at`, `post_txt`, `media_id`) VALUES (40, 39, '1997-06-25 16:55:57', 'Sapiente porro provident ut ut laborum similique. Inventore ut quia magnam hic dolorum quam. Et numquam voluptas ut similique. Est consequatur sapiente deleniti nisi eius.', 90);
INSERT INTO `posts` (`id`, `user_id`, `created_at`, `post_txt`, `media_id`) VALUES (41, 36, '1979-10-14 12:34:40', 'Temporibus eos at ad aliquam architecto natus. Porro veritatis quasi eum corporis enim atque repudiandae. Voluptas inventore voluptatem enim quae sequi numquam.', 68);
INSERT INTO `posts` (`id`, `user_id`, `created_at`, `post_txt`, `media_id`) VALUES (42, 27, '2008-11-05 18:00:10', 'Saepe voluptas temporibus voluptates ut sed aspernatur labore. Omnis qui qui doloribus natus voluptates optio. Dolorem vel eligendi labore blanditiis quis tempore aut.', 93);
INSERT INTO `posts` (`id`, `user_id`, `created_at`, `post_txt`, `media_id`) VALUES (43, 55, '1997-11-24 05:42:26', 'Et sapiente et minima blanditiis optio quia. Explicabo voluptatem illum eos et eos quisquam.', 46);
INSERT INTO `posts` (`id`, `user_id`, `created_at`, `post_txt`, `media_id`) VALUES (44, 2, '1984-06-26 15:20:19', 'Ut reiciendis autem odit. Voluptatem distinctio saepe enim ut ea voluptas. Et quod qui ut qui molestias et officiis.', 100);
INSERT INTO `posts` (`id`, `user_id`, `created_at`, `post_txt`, `media_id`) VALUES (45, 13, '1996-12-15 14:29:48', 'Ad officiis nam natus et et quis atque. Voluptatem commodi aut atque modi. Velit accusantium ipsum sapiente. Occaecati et pariatur voluptates distinctio debitis.', 58);
INSERT INTO `posts` (`id`, `user_id`, `created_at`, `post_txt`, `media_id`) VALUES (46, 52, '1977-06-16 17:06:23', 'Numquam nulla libero culpa modi blanditiis molestias qui. Mollitia numquam quasi incidunt hic ut qui voluptatem.', 88);
INSERT INTO `posts` (`id`, `user_id`, `created_at`, `post_txt`, `media_id`) VALUES (47, 83, '2002-05-17 13:36:44', 'Ut consequatur est alias possimus maxime non esse. Voluptatem nihil in labore labore dolores eum. Laborum rerum expedita sit dolore.', 4);
INSERT INTO `posts` (`id`, `user_id`, `created_at`, `post_txt`, `media_id`) VALUES (48, 33, '1975-11-18 22:06:55', 'Aut sed esse error aperiam possimus. Non rerum eos autem molestias.', 50);
INSERT INTO `posts` (`id`, `user_id`, `created_at`, `post_txt`, `media_id`) VALUES (49, 88, '2010-09-10 16:45:39', 'Possimus ut beatae id ea. Laborum deserunt iusto ut iusto fugit. Sunt quos quam necessitatibus soluta aut deleniti dolores.', 37);
INSERT INTO `posts` (`id`, `user_id`, `created_at`, `post_txt`, `media_id`) VALUES (50, 57, '1989-11-08 08:24:28', 'Reiciendis iusto vel et dignissimos. Ipsum et ut iure hic. Ipsa iste magni itaque qui delectus sit. Eveniet maxime omnis nesciunt.', 29);
INSERT INTO `posts` (`id`, `user_id`, `created_at`, `post_txt`, `media_id`) VALUES (51, 59, '1980-11-25 19:59:44', 'Nesciunt laborum esse pariatur adipisci inventore molestias animi voluptatem. Hic dolorum ad quia cupiditate illo eos. Itaque harum sint in voluptas voluptas. Labore commodi dolorem nisi molestiae porro laboriosam et.', 73);
INSERT INTO `posts` (`id`, `user_id`, `created_at`, `post_txt`, `media_id`) VALUES (52, 87, '1977-01-22 05:21:35', 'Atque libero voluptate voluptatem earum voluptatem. Odio dolor ea eaque et voluptas perferendis voluptatem et. Laboriosam alias et expedita autem.', 57);
INSERT INTO `posts` (`id`, `user_id`, `created_at`, `post_txt`, `media_id`) VALUES (53, 80, '1997-01-19 10:09:49', 'Inventore molestias iure deleniti voluptas animi autem alias ad. Ipsa est qui molestias voluptatem. Atque ratione iusto deserunt esse rem aliquid. Necessitatibus iste et sequi accusamus non laborum et. Tempora consequuntur doloribus veritatis assumenda aut voluptatibus.', 3);
INSERT INTO `posts` (`id`, `user_id`, `created_at`, `post_txt`, `media_id`) VALUES (54, 29, '2013-12-26 00:20:07', 'Doloremque natus eaque nesciunt voluptas possimus. Est dolorem iusto doloribus. Non quam et qui eius corporis voluptas aspernatur ullam.', 38);
INSERT INTO `posts` (`id`, `user_id`, `created_at`, `post_txt`, `media_id`) VALUES (55, 94, '1999-07-12 20:34:28', 'Et laudantium at veritatis. Ut aspernatur dolores animi omnis et. Et consequatur sunt officia rem voluptatem iusto a. Corporis accusamus voluptate suscipit sunt.', 79);
INSERT INTO `posts` (`id`, `user_id`, `created_at`, `post_txt`, `media_id`) VALUES (56, 14, '2004-02-26 08:55:32', 'Cupiditate rem omnis natus in. Et autem ut omnis itaque non. Aut ullam repellendus sit magnam quibusdam aut dolores. Doloremque repudiandae distinctio suscipit a assumenda nisi.', 31);
INSERT INTO `posts` (`id`, `user_id`, `created_at`, `post_txt`, `media_id`) VALUES (57, 10, '1984-08-10 01:24:37', 'Et nemo nam pariatur perspiciatis hic. Occaecati inventore sed accusamus ut. Cum placeat voluptate ut voluptas incidunt esse.', 65);
INSERT INTO `posts` (`id`, `user_id`, `created_at`, `post_txt`, `media_id`) VALUES (58, 41, '2009-12-29 21:14:43', 'Et animi eum sed cupiditate optio fuga est voluptatem. Et id voluptatem quia est. Iste eum quisquam assumenda autem est ratione et. Dolor blanditiis illum qui incidunt.', 94);
INSERT INTO `posts` (`id`, `user_id`, `created_at`, `post_txt`, `media_id`) VALUES (59, 72, '1970-11-07 02:17:12', 'Debitis eum tempora non ratione ipsum. Eum non unde hic quia fuga ea odio est. Hic dolores vitae et aspernatur. Aliquid distinctio autem esse nulla exercitationem.', 27);
INSERT INTO `posts` (`id`, `user_id`, `created_at`, `post_txt`, `media_id`) VALUES (60, 51, '1973-05-16 03:29:27', 'Numquam nesciunt vitae aut quisquam et. Distinctio asperiores voluptatem doloremque. Et autem est nostrum. Earum aut aut libero qui enim recusandae officia.', 77);
INSERT INTO `posts` (`id`, `user_id`, `created_at`, `post_txt`, `media_id`) VALUES (61, 27, '1999-08-29 05:51:32', 'Voluptatibus aut nesciunt temporibus occaecati eveniet autem ut. Et deleniti rem voluptatem. Beatae porro et aspernatur consequuntur.', 13);
INSERT INTO `posts` (`id`, `user_id`, `created_at`, `post_txt`, `media_id`) VALUES (62, 48, '1988-07-09 06:20:43', 'Vel rem ex perspiciatis vel. Molestias voluptas nostrum non dolor omnis cumque nihil. Neque sapiente similique quidem ad enim quisquam.', 90);
INSERT INTO `posts` (`id`, `user_id`, `created_at`, `post_txt`, `media_id`) VALUES (63, 84, '1981-11-29 00:59:07', 'Dolore aut voluptatem suscipit autem atque incidunt voluptatum. Mollitia nemo et unde deleniti molestiae voluptas libero. Iste autem sint aut porro harum sed. Ab assumenda nisi odit.', 18);
INSERT INTO `posts` (`id`, `user_id`, `created_at`, `post_txt`, `media_id`) VALUES (64, 18, '1985-04-29 15:26:58', 'Aut accusantium tempore suscipit sapiente cupiditate eum nemo. Vero voluptas itaque sunt quisquam. Ut id quidem quia. Libero dolore magni recusandae eum voluptates voluptatem.', 66);
INSERT INTO `posts` (`id`, `user_id`, `created_at`, `post_txt`, `media_id`) VALUES (65, 28, '1999-08-09 23:34:02', 'Autem necessitatibus minima debitis voluptatem. Ipsa rem libero illum qui.', 62);
INSERT INTO `posts` (`id`, `user_id`, `created_at`, `post_txt`, `media_id`) VALUES (66, 5, '2017-10-20 19:01:35', 'Quia molestias laborum qui quis mollitia. Vero dolorem et aspernatur optio nobis commodi voluptatem. Iusto quasi voluptatem perferendis eligendi. Quia qui nam nemo dolor quo sit error facilis.', 78);
INSERT INTO `posts` (`id`, `user_id`, `created_at`, `post_txt`, `media_id`) VALUES (67, 65, '1981-06-27 08:07:25', 'Occaecati esse ut eius placeat voluptatum. Cupiditate ducimus qui autem rerum. Rem ut nam est in aut. Quam explicabo libero molestiae enim adipisci hic dolorem.', 67);
INSERT INTO `posts` (`id`, `user_id`, `created_at`, `post_txt`, `media_id`) VALUES (68, 34, '1976-09-28 07:56:40', 'Reiciendis quae reprehenderit ut. Suscipit sed eligendi temporibus. Qui consequatur cum aut qui in.', 6);
INSERT INTO `posts` (`id`, `user_id`, `created_at`, `post_txt`, `media_id`) VALUES (69, 21, '1971-03-28 13:49:09', 'Sit aut rerum sit commodi excepturi itaque voluptatum molestiae. Sed consequatur rerum assumenda odio dolores. Enim distinctio ea commodi alias. Ut error consequatur et hic harum ex.', 21);
INSERT INTO `posts` (`id`, `user_id`, `created_at`, `post_txt`, `media_id`) VALUES (70, 95, '1975-10-04 05:21:39', 'Molestias et aliquid sed excepturi. Dolorum quod doloremque sit rerum.', 20);
INSERT INTO `posts` (`id`, `user_id`, `created_at`, `post_txt`, `media_id`) VALUES (71, 42, '1997-09-26 04:23:16', 'Alias eos id sit veritatis enim assumenda quia sit. Rem officia occaecati sequi vitae quia non.', 27);
INSERT INTO `posts` (`id`, `user_id`, `created_at`, `post_txt`, `media_id`) VALUES (72, 6, '1995-10-08 11:57:12', 'Optio maiores hic maxime nam illum. Ipsam error sint quo. Cum quae animi distinctio quo. Possimus et enim laudantium quae ea est possimus.', 51);
INSERT INTO `posts` (`id`, `user_id`, `created_at`, `post_txt`, `media_id`) VALUES (73, 7, '1975-06-21 10:04:57', 'Dolor enim dolorem nesciunt asperiores molestiae et. Ut earum dolorem est velit. Sit sed ut distinctio eius aut.', 29);
INSERT INTO `posts` (`id`, `user_id`, `created_at`, `post_txt`, `media_id`) VALUES (74, 36, '2018-03-25 20:43:13', 'Laudantium quisquam et exercitationem pariatur veritatis pariatur. Nobis eos neque tempore ullam est modi dolor. Rerum recusandae autem reprehenderit sit mollitia.', 17);
INSERT INTO `posts` (`id`, `user_id`, `created_at`, `post_txt`, `media_id`) VALUES (75, 11, '1971-11-19 18:59:08', 'Quisquam enim quia modi eaque vero. Ipsa repellendus corrupti placeat odio animi ipsa qui. Cum id modi earum laboriosam aut. Cupiditate impedit delectus enim in ratione rerum est.', 37);
INSERT INTO `posts` (`id`, `user_id`, `created_at`, `post_txt`, `media_id`) VALUES (76, 16, '2011-06-06 15:09:26', 'Cumque perspiciatis nemo libero odit. Nulla molestiae culpa perspiciatis aut. Ipsum quia voluptates accusantium vel. Occaecati excepturi velit voluptas quam recusandae ut. Voluptas dolorum reprehenderit aperiam sunt aperiam.', 14);
INSERT INTO `posts` (`id`, `user_id`, `created_at`, `post_txt`, `media_id`) VALUES (77, 92, '1984-11-13 10:09:42', 'Voluptatem molestiae quis autem fugiat. Incidunt quae sunt repellendus eius. Neque quis consectetur recusandae ratione vel. Qui ipsa rem eum sint assumenda aspernatur dignissimos.', 38);
INSERT INTO `posts` (`id`, `user_id`, `created_at`, `post_txt`, `media_id`) VALUES (78, 83, '1990-01-29 20:46:28', 'Est impedit aut voluptas. Dignissimos nostrum nam quo facere. In qui aliquam id officiis.', 22);
INSERT INTO `posts` (`id`, `user_id`, `created_at`, `post_txt`, `media_id`) VALUES (79, 55, '1994-07-04 22:12:46', 'Aut quam rerum eveniet deserunt quia qui. Dolores perferendis qui molestiae consectetur adipisci cumque. Unde recusandae nobis laudantium error iusto.', 79);
INSERT INTO `posts` (`id`, `user_id`, `created_at`, `post_txt`, `media_id`) VALUES (80, 73, '1970-02-24 04:43:58', 'Iste possimus dolor sunt tempora. Sapiente harum minima aut quisquam impedit. Non consequuntur natus placeat voluptatem. Sint dolores aut architecto error commodi.', 83);
INSERT INTO `posts` (`id`, `user_id`, `created_at`, `post_txt`, `media_id`) VALUES (81, 82, '1984-10-31 06:57:33', 'Laudantium facilis ut tempora illo ipsam possimus. Sed voluptas minima nulla et. Consequatur saepe ut modi ducimus sit et.', 40);
INSERT INTO `posts` (`id`, `user_id`, `created_at`, `post_txt`, `media_id`) VALUES (82, 63, '2001-10-16 07:07:07', 'Ut sed ad consequatur velit sed rerum. Assumenda ex velit quidem ut. Nihil labore vel ea possimus. Veniam iste possimus occaecati similique illum repellendus.', 78);
INSERT INTO `posts` (`id`, `user_id`, `created_at`, `post_txt`, `media_id`) VALUES (83, 45, '1986-08-22 04:25:42', 'Ea expedita voluptatem id hic aut. Asperiores cum pariatur quidem rerum. Qui rerum sed in consequuntur et non. Dignissimos mollitia iste autem occaecati earum sed id.', 44);
INSERT INTO `posts` (`id`, `user_id`, `created_at`, `post_txt`, `media_id`) VALUES (84, 32, '1986-03-01 08:33:49', 'Libero ipsam repellendus ratione a. Exercitationem eum magnam quaerat quis exercitationem consequatur sunt. Perspiciatis doloribus amet aspernatur et ratione soluta magnam deleniti. Est quo voluptatem adipisci ullam dolorem quia et.', 71);
INSERT INTO `posts` (`id`, `user_id`, `created_at`, `post_txt`, `media_id`) VALUES (85, 17, '1972-06-12 21:41:20', 'Accusamus praesentium magnam atque. Est nihil beatae ullam qui. Et dicta quo velit sit veniam consequatur. Quaerat dolorum repellendus consequuntur minus molestias quae quo.', 69);
INSERT INTO `posts` (`id`, `user_id`, `created_at`, `post_txt`, `media_id`) VALUES (86, 61, '1986-12-07 10:28:42', 'Omnis sed enim voluptatibus molestias quia maxime. Nihil dolorem perspiciatis similique enim corrupti quia ea. Id impedit iure assumenda et vel est.', 5);
INSERT INTO `posts` (`id`, `user_id`, `created_at`, `post_txt`, `media_id`) VALUES (87, 64, '2006-08-13 12:12:13', 'Hic earum et eos quam laboriosam ut qui. Dolorem praesentium laborum quo neque repellendus ut quos et. Voluptatem dolorem nulla aspernatur.', 79);
INSERT INTO `posts` (`id`, `user_id`, `created_at`, `post_txt`, `media_id`) VALUES (88, 39, '2020-01-05 14:52:05', 'Aliquid sint ipsam numquam quia voluptate eius vel. Repellendus distinctio molestiae ea saepe. Aspernatur omnis reiciendis animi sunt non.', 76);
INSERT INTO `posts` (`id`, `user_id`, `created_at`, `post_txt`, `media_id`) VALUES (89, 96, '2008-09-21 03:59:02', 'Et vero quia ducimus officiis consequatur. Numquam veniam doloremque illum non exercitationem explicabo. Fuga non illum quo occaecati nemo voluptas. Nisi rerum aut beatae quia corporis sed dolor.', 12);
INSERT INTO `posts` (`id`, `user_id`, `created_at`, `post_txt`, `media_id`) VALUES (90, 58, '1991-01-13 20:54:29', 'Tempore non accusantium quia eaque aut expedita nisi. Deserunt assumenda alias non. Vitae libero hic dolorem excepturi nesciunt optio illum doloribus.', 61);
INSERT INTO `posts` (`id`, `user_id`, `created_at`, `post_txt`, `media_id`) VALUES (91, 92, '1990-01-26 10:47:53', 'Placeat quia labore eligendi ex tempora et repellendus quod. Debitis deserunt eum fugiat corrupti ea. Et cupiditate et consequatur delectus. Est quis hic voluptas quos quisquam excepturi quos.', 88);
INSERT INTO `posts` (`id`, `user_id`, `created_at`, `post_txt`, `media_id`) VALUES (92, 48, '2013-10-01 15:10:09', 'Quisquam expedita nisi est. Porro harum ipsam enim repellat cupiditate. Vel nihil deleniti rem fuga eos.', 34);
INSERT INTO `posts` (`id`, `user_id`, `created_at`, `post_txt`, `media_id`) VALUES (93, 93, '2011-02-06 03:14:12', 'Et recusandae minus autem repellendus earum ipsam. Facilis beatae soluta necessitatibus est. Aut id id possimus sed. Aut nobis sed sint laboriosam sunt dolores. Non a pariatur dolor quae repellendus ducimus nihil.', 92);
INSERT INTO `posts` (`id`, `user_id`, `created_at`, `post_txt`, `media_id`) VALUES (94, 83, '1970-11-13 22:07:16', 'Suscipit repellat exercitationem culpa architecto error. Delectus a quis accusamus soluta ut. Reiciendis amet consequatur rerum eaque.', 99);
INSERT INTO `posts` (`id`, `user_id`, `created_at`, `post_txt`, `media_id`) VALUES (95, 99, '2015-05-13 02:24:34', 'Exercitationem ipsam et ex earum quo. Asperiores dolores voluptatem autem omnis distinctio earum. Sit doloribus consequatur quia vel aut cupiditate. Inventore dolorem ab distinctio quo molestiae earum quia consectetur.', 53);
INSERT INTO `posts` (`id`, `user_id`, `created_at`, `post_txt`, `media_id`) VALUES (96, 46, '2016-01-21 21:33:27', 'Laboriosam debitis reiciendis blanditiis enim velit. Et sit facilis et explicabo beatae animi. Assumenda culpa facilis laudantium consequatur. Iusto quaerat dolorem doloremque veniam aliquam aut.', 18);
INSERT INTO `posts` (`id`, `user_id`, `created_at`, `post_txt`, `media_id`) VALUES (97, 67, '2017-10-06 14:43:34', 'Recusandae atque sunt natus quibusdam eligendi. Sed culpa dolore quos ab error explicabo voluptatem. Voluptatibus error voluptas quia dolorum nihil illum voluptatem. Quasi voluptas voluptates eveniet aut. Sed ullam laborum ipsam voluptas.', 59);
INSERT INTO `posts` (`id`, `user_id`, `created_at`, `post_txt`, `media_id`) VALUES (98, 92, '1994-03-08 12:54:16', 'Ut aperiam vel fuga quis quae. Debitis beatae blanditiis omnis quia. Quas officia et ut non aut commodi magnam. Minus laboriosam aut animi amet neque et.', 1);
INSERT INTO `posts` (`id`, `user_id`, `created_at`, `post_txt`, `media_id`) VALUES (99, 11, '2018-04-12 20:01:19', 'Nihil earum qui quo tempora eos nesciunt qui. Omnis nostrum nesciunt eligendi aliquam. Ab debitis sapiente laboriosam repellat fuga eaque dolor autem. Eos quo explicabo distinctio repellat qui et similique cum.', 96);
INSERT INTO `posts` (`id`, `user_id`, `created_at`, `post_txt`, `media_id`) VALUES (100, 8, '1983-02-16 22:47:58', 'Fugiat voluptatem et illo minus iure quia molestias. Earum eius possimus at incidunt quaerat. Labore voluptatem accusamus nesciunt. Excepturi quas voluptas voluptas sed. Tenetur velit natus dolorem fugit perspiciatis.', 78);


INSERT INTO `likes` (`id`, `post_id`, `user_id`, `created_at`, `reaction_id`) VALUES (1, 1, 5, '2001-09-25 17:56:58', 3);
INSERT INTO `likes` (`id`, `post_id`, `user_id`, `created_at`, `reaction_id`) VALUES (2, 2, 38, '1978-02-18 01:01:32', 5);
INSERT INTO `likes` (`id`, `post_id`, `user_id`, `created_at`, `reaction_id`) VALUES (3, 3, 74, '1981-01-30 23:49:43', 4);
INSERT INTO `likes` (`id`, `post_id`, `user_id`, `created_at`, `reaction_id`) VALUES (4, 4, 21, '2006-10-10 10:38:27', 4);
INSERT INTO `likes` (`id`, `post_id`, `user_id`, `created_at`, `reaction_id`) VALUES (5, 5, 68, '1979-02-06 20:49:36', 1);
INSERT INTO `likes` (`id`, `post_id`, `user_id`, `created_at`, `reaction_id`) VALUES (6, 6, 1, '2019-09-21 13:04:20', 3);
INSERT INTO `likes` (`id`, `post_id`, `user_id`, `created_at`, `reaction_id`) VALUES (7, 7, 17, '2016-04-23 18:42:58', 5);
INSERT INTO `likes` (`id`, `post_id`, `user_id`, `created_at`, `reaction_id`) VALUES (8, 8, 61, '2002-10-02 02:29:32', 5);
INSERT INTO `likes` (`id`, `post_id`, `user_id`, `created_at`, `reaction_id`) VALUES (9, 9, 84, '1984-11-09 01:48:21', 4);
INSERT INTO `likes` (`id`, `post_id`, `user_id`, `created_at`, `reaction_id`) VALUES (10, 10, 20, '2015-07-02 21:40:34', 4);
INSERT INTO `likes` (`id`, `post_id`, `user_id`, `created_at`, `reaction_id`) VALUES (11, 11, 66, '2018-07-17 21:20:13', 1);
INSERT INTO `likes` (`id`, `post_id`, `user_id`, `created_at`, `reaction_id`) VALUES (12, 12, 22, '1998-07-14 04:36:20', 4);
INSERT INTO `likes` (`id`, `post_id`, `user_id`, `created_at`, `reaction_id`) VALUES (13, 13, 84, '1987-06-21 04:20:19', 1);
INSERT INTO `likes` (`id`, `post_id`, `user_id`, `created_at`, `reaction_id`) VALUES (14, 14, 72, '1979-11-07 17:42:42', 3);
INSERT INTO `likes` (`id`, `post_id`, `user_id`, `created_at`, `reaction_id`) VALUES (15, 15, 9, '1986-09-15 12:37:24', 3);
INSERT INTO `likes` (`id`, `post_id`, `user_id`, `created_at`, `reaction_id`) VALUES (16, 16, 91, '1987-03-09 20:26:10', 5);
INSERT INTO `likes` (`id`, `post_id`, `user_id`, `created_at`, `reaction_id`) VALUES (17, 17, 49, '1988-03-20 02:52:52', 2);
INSERT INTO `likes` (`id`, `post_id`, `user_id`, `created_at`, `reaction_id`) VALUES (18, 18, 82, '2015-10-07 01:16:12', 4);
INSERT INTO `likes` (`id`, `post_id`, `user_id`, `created_at`, `reaction_id`) VALUES (19, 19, 28, '1983-09-21 14:46:51', 2);
INSERT INTO `likes` (`id`, `post_id`, `user_id`, `created_at`, `reaction_id`) VALUES (20, 20, 93, '1995-03-03 05:42:34', 2);
INSERT INTO `likes` (`id`, `post_id`, `user_id`, `created_at`, `reaction_id`) VALUES (21, 21, 64, '2007-11-26 23:32:26', 2);
INSERT INTO `likes` (`id`, `post_id`, `user_id`, `created_at`, `reaction_id`) VALUES (22, 22, 16, '2016-08-08 23:06:31', 3);
INSERT INTO `likes` (`id`, `post_id`, `user_id`, `created_at`, `reaction_id`) VALUES (23, 23, 41, '1991-10-27 06:48:04', 2);
INSERT INTO `likes` (`id`, `post_id`, `user_id`, `created_at`, `reaction_id`) VALUES (24, 24, 85, '2002-02-25 13:53:17', 1);
INSERT INTO `likes` (`id`, `post_id`, `user_id`, `created_at`, `reaction_id`) VALUES (25, 25, 17, '1974-10-04 14:02:01', 4);
INSERT INTO `likes` (`id`, `post_id`, `user_id`, `created_at`, `reaction_id`) VALUES (26, 26, 9, '2015-11-13 18:50:18', 1);
INSERT INTO `likes` (`id`, `post_id`, `user_id`, `created_at`, `reaction_id`) VALUES (27, 27, 44, '1991-05-24 00:07:19', 5);
INSERT INTO `likes` (`id`, `post_id`, `user_id`, `created_at`, `reaction_id`) VALUES (28, 28, 89, '1980-12-08 11:14:33', 5);
INSERT INTO `likes` (`id`, `post_id`, `user_id`, `created_at`, `reaction_id`) VALUES (29, 29, 96, '1990-10-12 04:05:41', 2);
INSERT INTO `likes` (`id`, `post_id`, `user_id`, `created_at`, `reaction_id`) VALUES (30, 30, 93, '1996-05-01 00:37:55', 5);
INSERT INTO `likes` (`id`, `post_id`, `user_id`, `created_at`, `reaction_id`) VALUES (31, 31, 3, '1971-07-09 23:11:21', 2);
INSERT INTO `likes` (`id`, `post_id`, `user_id`, `created_at`, `reaction_id`) VALUES (32, 32, 74, '2012-04-03 21:22:40', 2);
INSERT INTO `likes` (`id`, `post_id`, `user_id`, `created_at`, `reaction_id`) VALUES (33, 33, 16, '2019-10-02 13:17:31', 5);
INSERT INTO `likes` (`id`, `post_id`, `user_id`, `created_at`, `reaction_id`) VALUES (34, 34, 85, '2001-03-07 12:42:05', 5);
INSERT INTO `likes` (`id`, `post_id`, `user_id`, `created_at`, `reaction_id`) VALUES (35, 35, 1, '1990-11-18 23:13:24', 5);
INSERT INTO `likes` (`id`, `post_id`, `user_id`, `created_at`, `reaction_id`) VALUES (36, 36, 78, '1985-05-22 00:03:53', 1);
INSERT INTO `likes` (`id`, `post_id`, `user_id`, `created_at`, `reaction_id`) VALUES (37, 37, 98, '1999-08-17 00:32:31', 4);
INSERT INTO `likes` (`id`, `post_id`, `user_id`, `created_at`, `reaction_id`) VALUES (38, 38, 34, '1979-05-30 22:09:28', 1);
INSERT INTO `likes` (`id`, `post_id`, `user_id`, `created_at`, `reaction_id`) VALUES (39, 39, 82, '1979-09-28 05:55:47', 4);
INSERT INTO `likes` (`id`, `post_id`, `user_id`, `created_at`, `reaction_id`) VALUES (40, 40, 32, '2012-03-16 20:16:23', 2);
INSERT INTO `likes` (`id`, `post_id`, `user_id`, `created_at`, `reaction_id`) VALUES (41, 41, 51, '2004-01-30 20:40:47', 1);
INSERT INTO `likes` (`id`, `post_id`, `user_id`, `created_at`, `reaction_id`) VALUES (42, 42, 26, '1971-02-04 15:11:38', 1);
INSERT INTO `likes` (`id`, `post_id`, `user_id`, `created_at`, `reaction_id`) VALUES (43, 43, 78, '1988-07-19 22:57:36', 4);
INSERT INTO `likes` (`id`, `post_id`, `user_id`, `created_at`, `reaction_id`) VALUES (44, 44, 25, '1970-07-02 04:29:04', 5);
INSERT INTO `likes` (`id`, `post_id`, `user_id`, `created_at`, `reaction_id`) VALUES (45, 45, 81, '2006-05-05 14:27:37', 5);
INSERT INTO `likes` (`id`, `post_id`, `user_id`, `created_at`, `reaction_id`) VALUES (46, 46, 56, '1996-07-27 23:03:52', 2);
INSERT INTO `likes` (`id`, `post_id`, `user_id`, `created_at`, `reaction_id`) VALUES (47, 47, 71, '1982-08-07 01:43:59', 4);
INSERT INTO `likes` (`id`, `post_id`, `user_id`, `created_at`, `reaction_id`) VALUES (48, 48, 20, '2018-03-18 19:50:43', 4);
INSERT INTO `likes` (`id`, `post_id`, `user_id`, `created_at`, `reaction_id`) VALUES (49, 49, 21, '2018-11-07 02:55:25', 4);
INSERT INTO `likes` (`id`, `post_id`, `user_id`, `created_at`, `reaction_id`) VALUES (50, 50, 23, '1978-04-25 10:54:24', 1);
INSERT INTO `likes` (`id`, `post_id`, `user_id`, `created_at`, `reaction_id`) VALUES (51, 51, 52, '1977-08-14 14:47:32', 1);
INSERT INTO `likes` (`id`, `post_id`, `user_id`, `created_at`, `reaction_id`) VALUES (52, 52, 81, '1987-04-21 23:32:01', 1);
INSERT INTO `likes` (`id`, `post_id`, `user_id`, `created_at`, `reaction_id`) VALUES (53, 53, 83, '1985-12-29 23:14:56', 4);
INSERT INTO `likes` (`id`, `post_id`, `user_id`, `created_at`, `reaction_id`) VALUES (54, 54, 59, '1982-09-05 03:58:55', 2);
INSERT INTO `likes` (`id`, `post_id`, `user_id`, `created_at`, `reaction_id`) VALUES (55, 55, 12, '2017-03-27 06:54:42', 2);
INSERT INTO `likes` (`id`, `post_id`, `user_id`, `created_at`, `reaction_id`) VALUES (56, 56, 24, '2000-01-31 18:27:24', 2);
INSERT INTO `likes` (`id`, `post_id`, `user_id`, `created_at`, `reaction_id`) VALUES (57, 57, 46, '1985-05-12 14:36:10', 4);
INSERT INTO `likes` (`id`, `post_id`, `user_id`, `created_at`, `reaction_id`) VALUES (58, 58, 31, '1987-01-29 01:37:30', 4);
INSERT INTO `likes` (`id`, `post_id`, `user_id`, `created_at`, `reaction_id`) VALUES (59, 59, 24, '2016-03-27 16:37:22', 3);
INSERT INTO `likes` (`id`, `post_id`, `user_id`, `created_at`, `reaction_id`) VALUES (60, 60, 89, '2002-06-22 05:02:36', 2);
INSERT INTO `likes` (`id`, `post_id`, `user_id`, `created_at`, `reaction_id`) VALUES (61, 61, 42, '1979-06-06 06:23:23', 2);
INSERT INTO `likes` (`id`, `post_id`, `user_id`, `created_at`, `reaction_id`) VALUES (62, 62, 23, '1995-12-14 02:48:56', 2);
INSERT INTO `likes` (`id`, `post_id`, `user_id`, `created_at`, `reaction_id`) VALUES (63, 63, 53, '2003-06-09 08:34:31', 3);
INSERT INTO `likes` (`id`, `post_id`, `user_id`, `created_at`, `reaction_id`) VALUES (64, 64, 40, '1977-06-23 02:33:17', 1);
INSERT INTO `likes` (`id`, `post_id`, `user_id`, `created_at`, `reaction_id`) VALUES (65, 65, 25, '2008-11-11 13:22:08', 2);
INSERT INTO `likes` (`id`, `post_id`, `user_id`, `created_at`, `reaction_id`) VALUES (66, 66, 47, '2002-07-01 02:20:49', 4);
INSERT INTO `likes` (`id`, `post_id`, `user_id`, `created_at`, `reaction_id`) VALUES (67, 67, 64, '2014-06-12 06:37:02', 1);
INSERT INTO `likes` (`id`, `post_id`, `user_id`, `created_at`, `reaction_id`) VALUES (68, 68, 61, '2007-01-03 23:20:33', 2);
INSERT INTO `likes` (`id`, `post_id`, `user_id`, `created_at`, `reaction_id`) VALUES (69, 69, 90, '1990-11-02 07:42:28', 1);
INSERT INTO `likes` (`id`, `post_id`, `user_id`, `created_at`, `reaction_id`) VALUES (70, 70, 52, '1970-08-01 13:11:13', 5);
INSERT INTO `likes` (`id`, `post_id`, `user_id`, `created_at`, `reaction_id`) VALUES (71, 71, 68, '1970-12-23 10:24:04', 4);
INSERT INTO `likes` (`id`, `post_id`, `user_id`, `created_at`, `reaction_id`) VALUES (72, 72, 65, '2018-06-20 07:01:00', 2);
INSERT INTO `likes` (`id`, `post_id`, `user_id`, `created_at`, `reaction_id`) VALUES (73, 73, 78, '2006-12-18 08:58:00', 4);
INSERT INTO `likes` (`id`, `post_id`, `user_id`, `created_at`, `reaction_id`) VALUES (74, 74, 11, '1974-04-30 04:06:27', 5);
INSERT INTO `likes` (`id`, `post_id`, `user_id`, `created_at`, `reaction_id`) VALUES (75, 75, 9, '1978-02-11 22:07:12', 5);
INSERT INTO `likes` (`id`, `post_id`, `user_id`, `created_at`, `reaction_id`) VALUES (76, 76, 13, '2008-03-21 22:56:28', 2);
INSERT INTO `likes` (`id`, `post_id`, `user_id`, `created_at`, `reaction_id`) VALUES (77, 77, 5, '2019-06-19 11:51:03', 3);
INSERT INTO `likes` (`id`, `post_id`, `user_id`, `created_at`, `reaction_id`) VALUES (78, 78, 74, '2019-04-08 21:52:17', 3);
INSERT INTO `likes` (`id`, `post_id`, `user_id`, `created_at`, `reaction_id`) VALUES (79, 79, 40, '2017-10-22 13:23:07', 5);
INSERT INTO `likes` (`id`, `post_id`, `user_id`, `created_at`, `reaction_id`) VALUES (80, 80, 74, '1984-12-22 13:35:22', 2);
INSERT INTO `likes` (`id`, `post_id`, `user_id`, `created_at`, `reaction_id`) VALUES (81, 81, 56, '1974-09-17 17:01:40', 5);
INSERT INTO `likes` (`id`, `post_id`, `user_id`, `created_at`, `reaction_id`) VALUES (82, 82, 53, '1979-08-06 22:52:11', 2);
INSERT INTO `likes` (`id`, `post_id`, `user_id`, `created_at`, `reaction_id`) VALUES (83, 83, 22, '1999-04-09 00:35:56', 1);
INSERT INTO `likes` (`id`, `post_id`, `user_id`, `created_at`, `reaction_id`) VALUES (84, 84, 41, '2005-11-07 11:07:42', 3);
INSERT INTO `likes` (`id`, `post_id`, `user_id`, `created_at`, `reaction_id`) VALUES (85, 85, 8, '1971-12-09 03:41:51', 5);
INSERT INTO `likes` (`id`, `post_id`, `user_id`, `created_at`, `reaction_id`) VALUES (86, 86, 78, '1999-05-05 19:55:49', 1);
INSERT INTO `likes` (`id`, `post_id`, `user_id`, `created_at`, `reaction_id`) VALUES (87, 87, 37, '1979-11-24 00:47:50', 2);
INSERT INTO `likes` (`id`, `post_id`, `user_id`, `created_at`, `reaction_id`) VALUES (88, 88, 35, '1987-08-17 15:52:02', 2);
INSERT INTO `likes` (`id`, `post_id`, `user_id`, `created_at`, `reaction_id`) VALUES (89, 89, 24, '1977-02-11 23:28:40', 5);
INSERT INTO `likes` (`id`, `post_id`, `user_id`, `created_at`, `reaction_id`) VALUES (90, 90, 14, '1983-01-11 03:50:06', 2);
INSERT INTO `likes` (`id`, `post_id`, `user_id`, `created_at`, `reaction_id`) VALUES (91, 91, 63, '1977-04-12 17:39:43', 4);
INSERT INTO `likes` (`id`, `post_id`, `user_id`, `created_at`, `reaction_id`) VALUES (92, 92, 44, '1995-03-06 04:31:25', 4);
INSERT INTO `likes` (`id`, `post_id`, `user_id`, `created_at`, `reaction_id`) VALUES (93, 93, 51, '1997-07-28 09:11:52', 2);
INSERT INTO `likes` (`id`, `post_id`, `user_id`, `created_at`, `reaction_id`) VALUES (94, 94, 66, '1988-10-02 19:13:37', 1);
INSERT INTO `likes` (`id`, `post_id`, `user_id`, `created_at`, `reaction_id`) VALUES (95, 95, 56, '1988-08-06 06:13:35', 4);
INSERT INTO `likes` (`id`, `post_id`, `user_id`, `created_at`, `reaction_id`) VALUES (96, 96, 86, '1981-08-29 20:55:01', 4);
INSERT INTO `likes` (`id`, `post_id`, `user_id`, `created_at`, `reaction_id`) VALUES (97, 97, 55, '2019-03-17 09:10:27', 2);
INSERT INTO `likes` (`id`, `post_id`, `user_id`, `created_at`, `reaction_id`) VALUES (98, 98, 30, '1998-07-17 14:26:32', 3);
INSERT INTO `likes` (`id`, `post_id`, `user_id`, `created_at`, `reaction_id`) VALUES (99, 99, 47, '1980-05-30 17:46:57', 3);
INSERT INTO `likes` (`id`, `post_id`, `user_id`, `created_at`, `reaction_id`) VALUES (100, 100, 34, '1981-02-04 23:56:38', 2);

INSERT INTO `comments` (`id`, `user_id`, `created_at`, `comment_txt`, `post_id`, `mother_comment_id`) VALUES (1, 5, '1992-08-21 09:18:08', 'In ab quia ratione iusto. Voluptatem ducimus assumenda quis quod corporis. Consequatur animi magnam natus et praesentium. Ipsam dicta odit doloribus et beatae. Omnis ut corporis cumque quia praesentium.', 1, 13);
INSERT INTO `comments` (`id`, `user_id`, `created_at`, `comment_txt`, `post_id`, `mother_comment_id`) VALUES (2, 73, '2018-01-31 22:03:27', 'Voluptatem non et delectus omnis quae aut distinctio blanditiis. Minima dolores quia cum beatae tenetur esse dolorum. Possimus atque possimus alias eos asperiores laudantium est deserunt. Tenetur perspiciatis facere sed dolorum alias.', 2, 23);
INSERT INTO `comments` (`id`, `user_id`, `created_at`, `comment_txt`, `post_id`, `mother_comment_id`) VALUES (3, 98, '1994-05-26 18:20:52', 'Vero architecto esse maiores rerum. Est repellendus natus at. Rem quia totam est facilis assumenda rerum et perspiciatis. Eos rerum qui aut ut adipisci possimus dicta.', 3, 44);
INSERT INTO `comments` (`id`, `user_id`, `created_at`, `comment_txt`, `post_id`, `mother_comment_id`) VALUES (4, 66, '1996-08-03 09:50:47', 'Itaque commodi ea dolorem. Deserunt aut aliquid est consequatur numquam. Ipsa impedit laborum labore et amet. Mollitia sed mollitia mollitia sit commodi.', 4, 0);
INSERT INTO `comments` (`id`, `user_id`, `created_at`, `comment_txt`, `post_id`, `mother_comment_id`) VALUES (5, 19, '1981-10-19 21:02:12', 'Excepturi adipisci corrupti cumque beatae quia cumque. Et voluptates consequatur quibusdam autem. Eveniet in inventore modi quis. Sed vero ipsum omnis cum alias qui ea. Ut dolore exercitationem ab dolores.', 5, 0);
INSERT INTO `comments` (`id`, `user_id`, `created_at`, `comment_txt`, `post_id`, `mother_comment_id`) VALUES (6, 49, '2009-06-11 06:21:19', 'Et aliquam commodi error blanditiis deleniti consectetur. Nesciunt blanditiis saepe quo et et repellat possimus. Sapiente ipsa vel et totam nesciunt quam. Delectus saepe quia sed illo id et voluptatem.', 6, 14);
INSERT INTO `comments` (`id`, `user_id`, `created_at`, `comment_txt`, `post_id`, `mother_comment_id`) VALUES (7, 92, '2009-03-09 15:35:39', 'Iure quia exercitationem ipsam cum facilis. Sit nihil repudiandae et reiciendis quis quia. Eum iusto ipsa dolor sit sequi nihil. Blanditiis rem blanditiis provident incidunt.', 7, 0);
INSERT INTO `comments` (`id`, `user_id`, `created_at`, `comment_txt`, `post_id`, `mother_comment_id`) VALUES (8, 69, '2013-04-18 06:11:34', 'Sit blanditiis natus quia in. Et non labore et sit voluptas animi voluptatem autem. Nihil provident id qui inventore. Et cumque nisi blanditiis aliquam mollitia rerum tempore.', 8, 95);
INSERT INTO `comments` (`id`, `user_id`, `created_at`, `comment_txt`, `post_id`, `mother_comment_id`) VALUES (9, 45, '1970-12-13 08:54:25', 'In tempore aliquam facilis blanditiis aut sed. Nihil consequuntur sapiente est veritatis dolorem corporis quidem eum. Nihil dolorem ab nesciunt dolores nihil unde. Sed esse dolorum quia quisquam ut.', 9, 35);
INSERT INTO `comments` (`id`, `user_id`, `created_at`, `comment_txt`, `post_id`, `mother_comment_id`) VALUES (10, 93, '2006-06-04 06:31:26', 'Aut non excepturi mollitia eos eos atque. Repudiandae occaecati culpa porro a maxime vel consequatur.', 10, 0);
INSERT INTO `comments` (`id`, `user_id`, `created_at`, `comment_txt`, `post_id`, `mother_comment_id`) VALUES (11, 73, '2010-02-26 10:29:57', 'Laudantium molestias voluptatem corrupti quam doloremque rerum. Corrupti et ipsum est itaque blanditiis. Excepturi quaerat temporibus eum consectetur laborum. Quis qui qui sint repellendus vero dolore quis. Ut et et distinctio.', 11, 63);
INSERT INTO `comments` (`id`, `user_id`, `created_at`, `comment_txt`, `post_id`, `mother_comment_id`) VALUES (12, 38, '2002-01-01 02:47:39', 'Totam ipsam non sapiente eveniet ut vero non. Debitis dolor totam provident dolores aut quibusdam a quisquam. Iste praesentium voluptatem quia molestias et ut inventore.', 12, 0);
INSERT INTO `comments` (`id`, `user_id`, `created_at`, `comment_txt`, `post_id`, `mother_comment_id`) VALUES (13, 39, '1994-03-17 03:23:12', 'Quo non non assumenda illo nobis pariatur animi. Voluptas assumenda omnis est iure modi quo nesciunt. Eius iste et minus iste libero dolorem earum quae. Quas eius odio aut doloribus est.', 13, 13);
INSERT INTO `comments` (`id`, `user_id`, `created_at`, `comment_txt`, `post_id`, `mother_comment_id`) VALUES (14, 82, '1990-08-13 19:02:46', 'Commodi corporis voluptas quidem adipisci magnam illum sunt. Doloribus tempore in qui ut nostrum consequatur praesentium. Est vel et excepturi mollitia in ab. Et officia laboriosam aspernatur.', 14, 0);
INSERT INTO `comments` (`id`, `user_id`, `created_at`, `comment_txt`, `post_id`, `mother_comment_id`) VALUES (15, 22, '2001-05-25 13:56:22', 'Ullam et qui sed hic aliquid totam. Ut adipisci corrupti optio qui molestias voluptate qui.', 15, 57);
INSERT INTO `comments` (`id`, `user_id`, `created_at`, `comment_txt`, `post_id`, `mother_comment_id`) VALUES (16, 54, '1979-02-09 15:23:17', 'Sequi sit culpa minima ratione non delectus quae ipsa. Illum iste repellat sed illo. Eos nihil aut neque blanditiis. Fugit veniam eum facere in tempore.', 16, 0);
INSERT INTO `comments` (`id`, `user_id`, `created_at`, `comment_txt`, `post_id`, `mother_comment_id`) VALUES (17, 90, '1979-07-30 17:59:47', 'At quo modi optio architecto quasi sed tempore error. Vel accusamus est error asperiores.', 17, 0);
INSERT INTO `comments` (`id`, `user_id`, `created_at`, `comment_txt`, `post_id`, `mother_comment_id`) VALUES (18, 8, '2002-07-09 05:17:46', 'A pariatur labore ea iusto. Perspiciatis illo porro rerum veritatis expedita. Voluptatem culpa reiciendis ut consequatur reiciendis qui.', 18, 100);
INSERT INTO `comments` (`id`, `user_id`, `created_at`, `comment_txt`, `post_id`, `mother_comment_id`) VALUES (19, 76, '1994-06-05 21:52:41', 'Id id autem molestiae a. Fuga non omnis perferendis voluptatem ut sunt. Rerum blanditiis et est officia esse non expedita modi. Molestias omnis qui in autem distinctio sit rerum itaque. Numquam qui hic quos aut.', 19, 0);
INSERT INTO `comments` (`id`, `user_id`, `created_at`, `comment_txt`, `post_id`, `mother_comment_id`) VALUES (20, 92, '1985-06-24 19:41:39', 'Qui debitis praesentium quam et. Et deleniti non incidunt eveniet odio omnis qui. Ad asperiores blanditiis laudantium ad voluptatem quasi nesciunt. Eos delectus deserunt ratione numquam ex fugit nihil qui.', 20, 0);
INSERT INTO `comments` (`id`, `user_id`, `created_at`, `comment_txt`, `post_id`, `mother_comment_id`) VALUES (21, 37, '1971-11-20 02:03:24', 'Soluta repellat et quod enim voluptas perspiciatis quisquam enim. Quasi quas laborum culpa vel rerum sapiente ab rerum. Vel praesentium reprehenderit alias quia inventore fugiat.', 21, 63);
INSERT INTO `comments` (`id`, `user_id`, `created_at`, `comment_txt`, `post_id`, `mother_comment_id`) VALUES (22, 10, '1972-11-10 03:31:27', 'Sed voluptas necessitatibus voluptatem ea blanditiis placeat recusandae. A nam quos velit enim at dignissimos. Quibusdam id et consequatur fuga animi.', 22, 0);
INSERT INTO `comments` (`id`, `user_id`, `created_at`, `comment_txt`, `post_id`, `mother_comment_id`) VALUES (23, 88, '1971-09-29 07:04:00', 'Libero eum reiciendis aliquam qui dolore minus. Et voluptatem sunt ex et est provident ea. Non sint vitae quidem maiores dolores ipsam dolores. Dolor ut enim iure animi distinctio et autem.', 23, 0);
INSERT INTO `comments` (`id`, `user_id`, `created_at`, `comment_txt`, `post_id`, `mother_comment_id`) VALUES (24, 84, '1994-06-08 10:49:28', 'Et aspernatur incidunt ea qui asperiores illo quos repudiandae. Laborum debitis ut iste quaerat aut magnam iste quaerat. Et a aspernatur expedita.', 24, 0);
INSERT INTO `comments` (`id`, `user_id`, `created_at`, `comment_txt`, `post_id`, `mother_comment_id`) VALUES (25, 93, '2011-10-31 17:17:40', 'Dolores nisi aut commodi qui et enim. Quas veritatis mollitia tempora autem nobis consequatur et laudantium. Velit quam distinctio commodi recusandae ut explicabo cupiditate magnam.', 25, 0);
INSERT INTO `comments` (`id`, `user_id`, `created_at`, `comment_txt`, `post_id`, `mother_comment_id`) VALUES (26, 49, '1976-09-19 04:04:38', 'Quam doloribus maiores molestiae tempore quia. Natus qui laboriosam omnis accusamus. Nisi et et omnis architecto. Aperiam voluptate tenetur et voluptatem aliquam tenetur quis.', 26, 44);
INSERT INTO `comments` (`id`, `user_id`, `created_at`, `comment_txt`, `post_id`, `mother_comment_id`) VALUES (27, 10, '2003-05-06 09:40:47', 'Id iusto sint omnis suscipit est. Ut consequatur sunt molestiae. Mollitia voluptates quasi quos. Ea qui vitae et. Rerum incidunt ut quis.', 27, 25);
INSERT INTO `comments` (`id`, `user_id`, `created_at`, `comment_txt`, `post_id`, `mother_comment_id`) VALUES (28, 60, '1975-02-21 02:39:14', 'Minus ullam sint vel ut sit. Maxime culpa rem maxime mollitia voluptatem. Quia unde pariatur amet repellendus est.', 28, 56);
INSERT INTO `comments` (`id`, `user_id`, `created_at`, `comment_txt`, `post_id`, `mother_comment_id`) VALUES (29, 31, '2017-05-03 23:23:20', 'Qui provident exercitationem nobis numquam id cum. Ipsum et voluptatem autem. Omnis neque non dolorem nihil animi sint optio ipsum. Id veniam aut repellendus.', 29, 99);
INSERT INTO `comments` (`id`, `user_id`, `created_at`, `comment_txt`, `post_id`, `mother_comment_id`) VALUES (30, 53, '1991-07-26 07:51:51', 'Neque quibusdam ad blanditiis voluptatem nam. Fugiat reprehenderit quaerat nesciunt natus ex qui. Possimus beatae ut doloremque vel quasi magni enim. Hic ab sunt et voluptas et.', 30, 0);
INSERT INTO `comments` (`id`, `user_id`, `created_at`, `comment_txt`, `post_id`, `mother_comment_id`) VALUES (31, 63, '2007-09-03 11:23:22', 'Fugit et necessitatibus ut qui. Molestiae officia cupiditate distinctio enim praesentium itaque cumque inventore.', 31, 8);
INSERT INTO `comments` (`id`, `user_id`, `created_at`, `comment_txt`, `post_id`, `mother_comment_id`) VALUES (32, 94, '1970-08-19 02:20:30', 'Dolor facilis at iste molestias. Nihil et voluptatem amet qui neque eum. Saepe in quod fugiat explicabo ea sed. Vero sed perspiciatis qui nostrum itaque.', 32, 0);
INSERT INTO `comments` (`id`, `user_id`, `created_at`, `comment_txt`, `post_id`, `mother_comment_id`) VALUES (33, 19, '1973-10-08 19:33:55', 'Necessitatibus est nemo voluptatum aperiam. Explicabo corporis quo fugit ipsum minima consequatur dolore. Minus incidunt sit esse laborum.', 33, 75);
INSERT INTO `comments` (`id`, `user_id`, `created_at`, `comment_txt`, `post_id`, `mother_comment_id`) VALUES (34, 56, '2002-10-30 08:13:59', 'Harum distinctio consequatur explicabo assumenda voluptates. A sint ducimus dolores molestiae consequuntur. Cum eveniet aut eos eum quae. Magnam consequatur alias aut maxime eaque praesentium.', 34, 0);
INSERT INTO `comments` (`id`, `user_id`, `created_at`, `comment_txt`, `post_id`, `mother_comment_id`) VALUES (35, 16, '1981-11-23 17:07:21', 'Nesciunt voluptas est et ipsa. Et aut corporis qui doloremque ipsum corporis. Ad illum corporis cumque est ut et. Corporis quia doloribus cupiditate corporis perferendis libero.', 35, 23);
INSERT INTO `comments` (`id`, `user_id`, `created_at`, `comment_txt`, `post_id`, `mother_comment_id`) VALUES (36, 46, '1982-03-08 16:59:54', 'Assumenda nemo ut doloremque quam nemo facilis. Quas repellat architecto velit est. Qui ut debitis nihil nesciunt quis officiis voluptatum.', 36, 0);
INSERT INTO `comments` (`id`, `user_id`, `created_at`, `comment_txt`, `post_id`, `mother_comment_id`) VALUES (37, 33, '1987-10-26 15:15:14', 'Dolores ipsum cumque tenetur nulla. Omnis nobis illum molestiae libero qui perferendis sint.', 37, 0);
INSERT INTO `comments` (`id`, `user_id`, `created_at`, `comment_txt`, `post_id`, `mother_comment_id`) VALUES (38, 51, '2001-07-21 19:45:56', 'Recusandae expedita officia cumque culpa voluptatibus id. Quia sint sunt molestiae iste ipsa iste. Quod rerum ad velit voluptas id est ad.', 38, 4);
INSERT INTO `comments` (`id`, `user_id`, `created_at`, `comment_txt`, `post_id`, `mother_comment_id`) VALUES (39, 37, '1982-02-02 12:25:15', 'Nobis nam iure ut sit exercitationem eaque quo. Nesciunt repellendus eum voluptatum alias eveniet.', 39, 0);
INSERT INTO `comments` (`id`, `user_id`, `created_at`, `comment_txt`, `post_id`, `mother_comment_id`) VALUES (40, 58, '1989-03-01 23:43:57', 'Non iste praesentium rerum voluptatum ea enim et. Ipsum ex laudantium necessitatibus aut est.', 40, 0);
INSERT INTO `comments` (`id`, `user_id`, `created_at`, `comment_txt`, `post_id`, `mother_comment_id`) VALUES (41, 84, '1989-11-17 21:59:26', 'Aut voluptatem consequuntur quia quidem. Suscipit fugit ipsum molestiae omnis. Quam autem in sequi modi atque. Rem soluta modi harum voluptates eveniet.', 41, 36);
INSERT INTO `comments` (`id`, `user_id`, `created_at`, `comment_txt`, `post_id`, `mother_comment_id`) VALUES (42, 7, '1993-03-02 08:59:12', 'Deserunt ipsum nihil vitae minima ea soluta. Consequuntur dolores accusamus tempore. Rem commodi dolores eos consequuntur animi.', 42, 84);
INSERT INTO `comments` (`id`, `user_id`, `created_at`, `comment_txt`, `post_id`, `mother_comment_id`) VALUES (43, 93, '2007-07-31 14:08:24', 'Et beatae quia id. Ut quo qui aut ut et magni deserunt. Quod quo illo ex odit voluptas aut. Quis commodi aut ratione quisquam nam deleniti natus laudantium.', 43, 62);
INSERT INTO `comments` (`id`, `user_id`, `created_at`, `comment_txt`, `post_id`, `mother_comment_id`) VALUES (44, 90, '2001-08-18 08:21:40', 'Voluptas aliquid dolores quia voluptatem. Fugiat est delectus qui alias. Est consequuntur quaerat officia ut natus.', 44, 0);
INSERT INTO `comments` (`id`, `user_id`, `created_at`, `comment_txt`, `post_id`, `mother_comment_id`) VALUES (45, 58, '1993-04-19 08:48:21', 'Nisi consequatur nihil voluptatem. Architecto cupiditate pariatur repellat sunt placeat est labore. Veniam id possimus qui iure illum voluptas quas.', 45, 0);
INSERT INTO `comments` (`id`, `user_id`, `created_at`, `comment_txt`, `post_id`, `mother_comment_id`) VALUES (46, 67, '2005-11-21 21:42:37', 'Autem eum pariatur ut vitae commodi non veritatis. Vero consectetur ea minima vel consectetur nam eum. Repudiandae porro incidunt ea reprehenderit atque earum sint. Deleniti nihil repellendus quo.', 46, 0);
INSERT INTO `comments` (`id`, `user_id`, `created_at`, `comment_txt`, `post_id`, `mother_comment_id`) VALUES (47, 13, '1986-04-15 17:05:04', 'Officia tenetur dolorem quidem nostrum rem. Id ut et et aut possimus. Natus eligendi velit reprehenderit iusto sit tempora.', 47, 0);
INSERT INTO `comments` (`id`, `user_id`, `created_at`, `comment_txt`, `post_id`, `mother_comment_id`) VALUES (48, 42, '2008-01-30 03:38:40', 'Laudantium itaque molestias sunt amet velit ipsam saepe. Inventore est incidunt et est nihil autem voluptates. Dolorem quibusdam impedit dolorem doloribus quod. Voluptatum necessitatibus exercitationem cupiditate eos ipsum nihil molestiae est.', 48, 0);
INSERT INTO `comments` (`id`, `user_id`, `created_at`, `comment_txt`, `post_id`, `mother_comment_id`) VALUES (49, 91, '1998-06-22 16:20:48', 'Enim natus possimus minus at unde. Quia harum natus vel. Nemo quo officia id recusandae.', 49, 0);
INSERT INTO `comments` (`id`, `user_id`, `created_at`, `comment_txt`, `post_id`, `mother_comment_id`) VALUES (50, 18, '2014-12-02 11:38:17', 'Consectetur tempore temporibus excepturi dolor sed ipsa possimus. Quis autem quia qui totam nam ut neque. Velit veritatis suscipit nihil reiciendis dicta sit expedita. Eos deserunt sed nostrum minima.', 50, 0);
INSERT INTO `comments` (`id`, `user_id`, `created_at`, `comment_txt`, `post_id`, `mother_comment_id`) VALUES (51, 65, '1971-01-15 21:01:29', 'Delectus dolorem saepe aliquam aut deleniti nihil. Temporibus accusamus itaque placeat ratione. Itaque exercitationem cupiditate nemo recusandae sapiente aut. Sunt nisi omnis suscipit molestiae.', 51, 26);
INSERT INTO `comments` (`id`, `user_id`, `created_at`, `comment_txt`, `post_id`, `mother_comment_id`) VALUES (52, 3, '1990-06-11 02:57:38', 'Nemo voluptate autem expedita sunt provident maxime. Nam illum nobis placeat quam voluptas. Voluptatem amet natus sapiente. Molestiae aut est consectetur et.', 52, 0);
INSERT INTO `comments` (`id`, `user_id`, `created_at`, `comment_txt`, `post_id`, `mother_comment_id`) VALUES (53, 96, '2012-06-10 04:50:14', 'Veniam tenetur qui amet quaerat eius. Dolor voluptates rem sed aperiam quo fuga soluta est. Quia voluptatum et dignissimos rerum. Sed sunt provident tempora veniam eveniet maxime est molestiae.', 53, 56);
INSERT INTO `comments` (`id`, `user_id`, `created_at`, `comment_txt`, `post_id`, `mother_comment_id`) VALUES (54, 14, '2016-11-29 19:07:17', 'Et dolorem voluptas omnis repellendus nihil in dolore. Iusto molestiae id et accusamus recusandae.', 54, 78);
INSERT INTO `comments` (`id`, `user_id`, `created_at`, `comment_txt`, `post_id`, `mother_comment_id`) VALUES (55, 83, '1978-12-16 08:35:02', 'Sed saepe mollitia reprehenderit ipsum iste. Necessitatibus et maiores libero ad sapiente inventore rerum. Ipsum porro alias deserunt quis.', 55, 0);
INSERT INTO `comments` (`id`, `user_id`, `created_at`, `comment_txt`, `post_id`, `mother_comment_id`) VALUES (56, 2, '1971-06-28 18:32:07', 'Aut sit ducimus laudantium doloremque. Officiis et quibusdam repellat rem et amet. Cum eveniet porro minus ipsam ab soluta nulla.', 56, 31);
INSERT INTO `comments` (`id`, `user_id`, `created_at`, `comment_txt`, `post_id`, `mother_comment_id`) VALUES (57, 37, '2000-02-01 07:54:47', 'Dolores quia architecto fugiat. Quis nemo facere quo fuga debitis. Exercitationem consequatur nam perferendis aut nesciunt. Qui vitae non cum architecto.', 57, 38);
INSERT INTO `comments` (`id`, `user_id`, `created_at`, `comment_txt`, `post_id`, `mother_comment_id`) VALUES (58, 59, '1995-04-07 11:38:39', 'Nesciunt adipisci soluta sed reprehenderit omnis veritatis voluptas. Enim officia rerum recusandae nihil eum. Deserunt expedita a beatae in temporibus et officia.', 58, 75);
INSERT INTO `comments` (`id`, `user_id`, `created_at`, `comment_txt`, `post_id`, `mother_comment_id`) VALUES (59, 34, '2017-12-06 13:58:22', 'Aliquid minima facilis facilis et explicabo modi autem officiis. Non vitae consequatur quae unde quia quia. Ipsam nesciunt veritatis nobis aut molestias voluptatem.', 59, 0);
INSERT INTO `comments` (`id`, `user_id`, `created_at`, `comment_txt`, `post_id`, `mother_comment_id`) VALUES (60, 81, '1974-06-04 21:07:54', 'Ex totam iure soluta vitae maiores veritatis. Inventore est totam fugit. Cumque et est esse omnis.', 60, 42);
INSERT INTO `comments` (`id`, `user_id`, `created_at`, `comment_txt`, `post_id`, `mother_comment_id`) VALUES (61, 40, '2002-05-04 11:40:14', 'Est deleniti modi cum nulla ab et illum. Dicta ipsam dignissimos eos dolores velit. Et quasi ducimus quod molestias molestias ipsa illum. Vel nam sed omnis occaecati temporibus temporibus ea.', 61, 75);
INSERT INTO `comments` (`id`, `user_id`, `created_at`, `comment_txt`, `post_id`, `mother_comment_id`) VALUES (62, 4, '1977-11-27 00:04:01', 'Alias molestias quia delectus. Ut voluptatem repudiandae rerum dolorem asperiores perferendis. Voluptatem non architecto quis aspernatur omnis omnis. Eveniet enim autem libero possimus hic natus unde.', 62, 0);
INSERT INTO `comments` (`id`, `user_id`, `created_at`, `comment_txt`, `post_id`, `mother_comment_id`) VALUES (63, 92, '2002-04-04 00:13:33', 'Corporis rem quaerat eos eum. Dolor illum quisquam est fugit nulla ducimus. Et expedita et eveniet enim nihil.', 63, 48);
INSERT INTO `comments` (`id`, `user_id`, `created_at`, `comment_txt`, `post_id`, `mother_comment_id`) VALUES (64, 71, '1974-03-22 07:19:28', 'Deleniti reiciendis et sunt autem. Quasi corporis blanditiis ullam corporis. Repudiandae in dolorem neque voluptatem.', 64, 0);
INSERT INTO `comments` (`id`, `user_id`, `created_at`, `comment_txt`, `post_id`, `mother_comment_id`) VALUES (65, 5, '2017-08-28 12:15:36', 'Tenetur aut blanditiis vero voluptate aut vel animi. Repellat est excepturi et qui dolores adipisci. Et tempora vel aut. Saepe in reiciendis voluptate incidunt voluptatem.', 65, 0);
INSERT INTO `comments` (`id`, `user_id`, `created_at`, `comment_txt`, `post_id`, `mother_comment_id`) VALUES (66, 71, '1977-03-22 21:56:51', 'Inventore tempore ut in voluptatem dignissimos ut necessitatibus perspiciatis. Asperiores neque illum praesentium cumque sed. Consectetur repellendus minus in est ipsa.', 66, 21);
INSERT INTO `comments` (`id`, `user_id`, `created_at`, `comment_txt`, `post_id`, `mother_comment_id`) VALUES (67, 55, '1985-01-25 22:08:39', 'Sed nemo quis temporibus placeat omnis maiores totam. Deleniti et voluptatibus esse adipisci dignissimos dolor. Iste mollitia inventore quia accusantium voluptates. Tempora iusto eum in quia.', 67, 0);
INSERT INTO `comments` (`id`, `user_id`, `created_at`, `comment_txt`, `post_id`, `mother_comment_id`) VALUES (68, 98, '2003-07-21 06:15:53', 'Tempore impedit quisquam voluptas labore. Sed distinctio rerum labore facere occaecati. Laudantium voluptatem sunt voluptas repudiandae sit. A nesciunt ea et voluptatem qui quod ut. Repellendus ad accusantium officiis eaque quia animi.', 68, 0);
INSERT INTO `comments` (`id`, `user_id`, `created_at`, `comment_txt`, `post_id`, `mother_comment_id`) VALUES (69, 5, '2005-04-03 04:47:57', 'Amet amet sit ducimus cupiditate ad. Nulla ea est sint. Sed eum facilis quo molestias sed. Quidem ut assumenda inventore explicabo est atque nostrum.', 69, 71);
INSERT INTO `comments` (`id`, `user_id`, `created_at`, `comment_txt`, `post_id`, `mother_comment_id`) VALUES (70, 56, '1975-05-10 03:22:19', 'Et eos deserunt eius et nobis qui. Commodi nostrum quam quos. Qui ipsam expedita iste eum saepe et et sed. Ratione consequatur earum et porro facilis.', 70, 18);
INSERT INTO `comments` (`id`, `user_id`, `created_at`, `comment_txt`, `post_id`, `mother_comment_id`) VALUES (71, 73, '1997-04-15 23:20:18', 'Molestiae tenetur quo nihil error. Inventore velit quia dignissimos dolorum. Quia aut maiores esse velit.', 71, 0);
INSERT INTO `comments` (`id`, `user_id`, `created_at`, `comment_txt`, `post_id`, `mother_comment_id`) VALUES (72, 57, '1996-06-20 09:46:18', 'Incidunt eos reiciendis in nesciunt. Esse similique recusandae unde sint incidunt. Et quis non quibusdam beatae est debitis.', 72, 0);
INSERT INTO `comments` (`id`, `user_id`, `created_at`, `comment_txt`, `post_id`, `mother_comment_id`) VALUES (73, 26, '2004-11-02 11:40:28', 'Est iure odit modi consequatur. Dolor pariatur eos inventore ipsa enim inventore. Ut esse laudantium soluta vel.', 73, 0);
INSERT INTO `comments` (`id`, `user_id`, `created_at`, `comment_txt`, `post_id`, `mother_comment_id`) VALUES (74, 48, '2003-10-15 08:37:02', 'Ex possimus natus tempora expedita quo numquam sit. Sint praesentium fugit sint rerum qui provident. Quaerat rem enim totam sed quam autem.', 74, 0);
INSERT INTO `comments` (`id`, `user_id`, `created_at`, `comment_txt`, `post_id`, `mother_comment_id`) VALUES (75, 44, '2000-04-24 23:02:34', 'Sapiente maiores aut quaerat inventore aliquid incidunt sint asperiores. Exercitationem quidem laudantium reprehenderit distinctio. Voluptatem qui illo dolore enim delectus consequatur iure. Dignissimos inventore molestiae rerum aperiam velit.', 75, 0);
INSERT INTO `comments` (`id`, `user_id`, `created_at`, `comment_txt`, `post_id`, `mother_comment_id`) VALUES (76, 45, '2012-05-06 00:36:44', 'Voluptatem architecto nesciunt qui quis laudantium eos. Vero vel est labore animi ut sit. Dolorum fugiat in culpa illum dolorem voluptatum. Aut autem rerum praesentium consequuntur molestiae reprehenderit.', 76, 0);
INSERT INTO `comments` (`id`, `user_id`, `created_at`, `comment_txt`, `post_id`, `mother_comment_id`) VALUES (77, 20, '1978-08-18 05:26:21', 'Ea aut est aut nesciunt quasi. Voluptatum perferendis est non labore. Excepturi non non quia voluptatibus vel qui fugit reiciendis. Laboriosam quae quis incidunt quibusdam voluptatem quod ea. Dolores illo aut et ratione delectus quisquam.', 77, 73);
INSERT INTO `comments` (`id`, `user_id`, `created_at`, `comment_txt`, `post_id`, `mother_comment_id`) VALUES (78, 37, '2020-03-31 08:25:30', 'Enim quod quibusdam earum dolor corrupti omnis. Voluptates illo adipisci et. Quia et voluptas recusandae et ratione molestiae natus. Dolorem repellat sapiente aut velit quas.', 78, 0);
INSERT INTO `comments` (`id`, `user_id`, `created_at`, `comment_txt`, `post_id`, `mother_comment_id`) VALUES (79, 21, '2001-02-28 01:16:52', 'Quia iusto voluptas est temporibus labore earum omnis. Et possimus accusantium necessitatibus consectetur possimus. Possimus officia molestias reiciendis dolorum accusantium dolorem recusandae suscipit. Et omnis et placeat.', 79, 26);
INSERT INTO `comments` (`id`, `user_id`, `created_at`, `comment_txt`, `post_id`, `mother_comment_id`) VALUES (80, 65, '2015-08-10 20:29:31', 'Et quam ullam iste sit. Quae doloribus rerum est in corrupti. Maiores enim incidunt vel similique quam sunt.', 80, 61);
INSERT INTO `comments` (`id`, `user_id`, `created_at`, `comment_txt`, `post_id`, `mother_comment_id`) VALUES (81, 7, '2012-05-17 23:44:33', 'Voluptatum ea dolores rerum et libero aliquid iste. Nobis consequatur ipsum consequatur dicta.', 81, 0);
INSERT INTO `comments` (`id`, `user_id`, `created_at`, `comment_txt`, `post_id`, `mother_comment_id`) VALUES (82, 62, '2008-03-04 14:49:50', 'Distinctio voluptatem debitis ut quam consequatur. Ea magnam voluptatibus non qui tempore dolorem alias non. Voluptas animi odit saepe accusamus iure rerum aut at.', 82, 0);
INSERT INTO `comments` (`id`, `user_id`, `created_at`, `comment_txt`, `post_id`, `mother_comment_id`) VALUES (83, 97, '1981-06-03 04:56:13', 'Aperiam doloribus id assumenda amet. Quam officiis ratione magni. Fugiat aut harum totam totam ut ea tenetur.', 83, 0);
INSERT INTO `comments` (`id`, `user_id`, `created_at`, `comment_txt`, `post_id`, `mother_comment_id`) VALUES (84, 39, '2001-08-01 21:03:04', 'Cum quis praesentium minima cumque blanditiis. Velit quae itaque cum ex maxime. Consequatur possimus earum est exercitationem quia sit.', 84, 0);
INSERT INTO `comments` (`id`, `user_id`, `created_at`, `comment_txt`, `post_id`, `mother_comment_id`) VALUES (85, 79, '1991-01-20 19:21:16', 'Similique optio delectus eos ea dolores reiciendis illo. Eum modi enim cumque et et. Blanditiis cum eum voluptatem aut. Explicabo doloribus velit sint qui.', 85, 19);
INSERT INTO `comments` (`id`, `user_id`, `created_at`, `comment_txt`, `post_id`, `mother_comment_id`) VALUES (86, 54, '2006-08-13 23:12:42', 'Consequatur non facere ut iusto repudiandae consequatur aut. Numquam neque et quibusdam aut molestiae ea. Nisi natus nam rerum eum natus officia id. Ullam minus sequi repellat unde.', 86, 0);
INSERT INTO `comments` (`id`, `user_id`, `created_at`, `comment_txt`, `post_id`, `mother_comment_id`) VALUES (87, 79, '1998-08-24 13:32:25', 'Reiciendis ducimus voluptatibus voluptate ullam. Et et in ratione alias consequatur perspiciatis suscipit. Eligendi reiciendis id consequatur modi. Et quo velit temporibus sapiente.', 87, 0);
INSERT INTO `comments` (`id`, `user_id`, `created_at`, `comment_txt`, `post_id`, `mother_comment_id`) VALUES (88, 27, '1978-07-04 10:18:05', 'Qui et repellendus aliquam. Non eum modi consequatur rerum dolor quia. Quia esse ipsam incidunt aut.', 88, 28);
INSERT INTO `comments` (`id`, `user_id`, `created_at`, `comment_txt`, `post_id`, `mother_comment_id`) VALUES (89, 94, '1980-10-18 08:17:39', 'Quibusdam delectus explicabo voluptatibus odit esse qui. Delectus est ut ratione quam nihil eaque et esse. Autem eligendi saepe ut sed.', 89, 57);
INSERT INTO `comments` (`id`, `user_id`, `created_at`, `comment_txt`, `post_id`, `mother_comment_id`) VALUES (90, 29, '1970-10-15 20:05:32', 'Molestiae quasi dolorem et nemo reiciendis voluptas. Vel quam architecto nostrum minima. Excepturi molestiae sed rerum consequatur. Aut velit quae quia voluptates. Odio iure iusto laborum.', 90, 82);
INSERT INTO `comments` (`id`, `user_id`, `created_at`, `comment_txt`, `post_id`, `mother_comment_id`) VALUES (91, 62, '1983-05-21 05:05:14', 'Harum deleniti facere fuga et voluptates itaque magni. Fugiat nemo quis qui nihil.', 91, 87);
INSERT INTO `comments` (`id`, `user_id`, `created_at`, `comment_txt`, `post_id`, `mother_comment_id`) VALUES (92, 34, '1972-03-09 12:53:01', 'Sed dicta omnis modi veritatis itaque a. Eos explicabo veniam aperiam. Expedita ut temporibus nihil unde id.', 92, 0);
INSERT INTO `comments` (`id`, `user_id`, `created_at`, `comment_txt`, `post_id`, `mother_comment_id`) VALUES (93, 47, '1973-02-07 11:43:26', 'Voluptatem accusamus molestiae voluptas rerum. Sapiente molestias ut officiis aut cumque et et.', 93, 21);
INSERT INTO `comments` (`id`, `user_id`, `created_at`, `comment_txt`, `post_id`, `mother_comment_id`) VALUES (94, 41, '2005-01-08 06:52:01', 'Nihil fuga qui nulla hic cum sit consectetur quidem. Quia molestias nemo tempore voluptas officia accusantium autem voluptas. Id vel sit quia dolorem provident.', 94, 0);
INSERT INTO `comments` (`id`, `user_id`, `created_at`, `comment_txt`, `post_id`, `mother_comment_id`) VALUES (95, 47, '1984-06-19 22:38:45', 'Error est officiis necessitatibus est. Sapiente ut eligendi debitis officiis quaerat temporibus. Animi officia illo molestiae asperiores ut. Saepe voluptatem nihil dolor.', 95, 0);
INSERT INTO `comments` (`id`, `user_id`, `created_at`, `comment_txt`, `post_id`, `mother_comment_id`) VALUES (96, 89, '2018-04-10 06:18:34', 'Earum veniam id id repellat temporibus rem veritatis. Consequatur sed cum explicabo quos suscipit culpa. Autem iure velit beatae ut quia ut at. Ea est qui nobis voluptatibus minus quisquam.', 96, 75);
INSERT INTO `comments` (`id`, `user_id`, `created_at`, `comment_txt`, `post_id`, `mother_comment_id`) VALUES (97, 80, '2004-11-10 22:22:03', 'Sed voluptatem necessitatibus est eveniet. Aut in quo quaerat. Incidunt et quia et ducimus facilis commodi.', 97, 18);
INSERT INTO `comments` (`id`, `user_id`, `created_at`, `comment_txt`, `post_id`, `mother_comment_id`) VALUES (98, 86, '1992-04-04 18:51:01', 'Accusantium nam odit natus voluptatum provident sunt earum. Possimus quae in harum minima fugiat harum. Aliquid amet cupiditate reiciendis odio soluta. Odit possimus illum voluptas doloribus similique corrupti harum aut.', 98, 0);
INSERT INTO `comments` (`id`, `user_id`, `created_at`, `comment_txt`, `post_id`, `mother_comment_id`) VALUES (99, 20, '1978-01-25 02:31:13', 'Quia aliquid eos consequatur facilis. Repellat rem distinctio quisquam officiis. Aut ea laboriosam tempore consequatur inventore unde et.', 99, 14);
INSERT INTO `comments` (`id`, `user_id`, `created_at`, `comment_txt`, `post_id`, `mother_comment_id`) VALUES (100, 70, '1986-03-10 22:52:11', 'Perferendis neque deserunt recusandae soluta cum et. Dolore excepturi recusandae qui sint. Et beatae corrupti occaecati nemo fugit blanditiis. Quisquam et assumenda dolor.', 100, 0);

UPDATE comments SET post_id = NULL WHERE user_id > FLOOR(1 + RAND() * 100);
SELECT * FROM comments LIMIT 30;
UPDATE comments SET mother_comment_id = NULL WHERE NOT (post_id = NULL); # вот тут ничего не происходит 
