-- MySQL dump 10.13  Distrib 8.0.19, for Win64 (x86_64)
--
-- Host: localhost    Database: vk
-- ------------------------------------------------------
-- Server version	8.0.19

/*!40101 SET @OLD_CHARACTER_SET_CLIENT=@@CHARACTER_SET_CLIENT */;
/*!40101 SET @OLD_CHARACTER_SET_RESULTS=@@CHARACTER_SET_RESULTS */;
/*!40101 SET @OLD_COLLATION_CONNECTION=@@COLLATION_CONNECTION */;
/*!50503 SET NAMES utf8 */;
/*!40103 SET @OLD_TIME_ZONE=@@TIME_ZONE */;
/*!40103 SET TIME_ZONE='+00:00' */;
/*!40014 SET @OLD_UNIQUE_CHECKS=@@UNIQUE_CHECKS, UNIQUE_CHECKS=0 */;
/*!40014 SET @OLD_FOREIGN_KEY_CHECKS=@@FOREIGN_KEY_CHECKS, FOREIGN_KEY_CHECKS=0 */;
/*!40101 SET @OLD_SQL_MODE=@@SQL_MODE, SQL_MODE='NO_AUTO_VALUE_ON_ZERO' */;
/*!40111 SET @OLD_SQL_NOTES=@@SQL_NOTES, SQL_NOTES=0 */;

--
-- Table structure for table `comments`
--

DROP TABLE IF EXISTS `comments`;
/*!40101 SET @saved_cs_client     = @@character_set_client */;
/*!50503 SET character_set_client = utf8mb4 */;
CREATE TABLE `comments` (
  `id` int unsigned NOT NULL AUTO_INCREMENT,
  `user_id` int unsigned NOT NULL,
  `created_at` datetime DEFAULT CURRENT_TIMESTAMP,
  `comment_txt` text NOT NULL,
  `post_id` int unsigned DEFAULT NULL,
  `mother_comment_id` int unsigned DEFAULT NULL,
  PRIMARY KEY (`id`)
) ENGINE=InnoDB AUTO_INCREMENT=101 DEFAULT CHARSET=utf8mb4 COLLATE=utf8mb4_0900_ai_ci;
/*!40101 SET character_set_client = @saved_cs_client */;

--
-- Dumping data for table `comments`
--

LOCK TABLES `comments` WRITE;
/*!40000 ALTER TABLE `comments` DISABLE KEYS */;
INSERT INTO `comments` VALUES (1,5,'1992-08-21 09:18:08','In ab quia ratione iusto. Voluptatem ducimus assumenda quis quod corporis. Consequatur animi magnam natus et praesentium. Ipsam dicta odit doloribus et beatae. Omnis ut corporis cumque quia praesentium.',1,13),(2,73,'2018-01-31 22:03:27','Voluptatem non et delectus omnis quae aut distinctio blanditiis. Minima dolores quia cum beatae tenetur esse dolorum. Possimus atque possimus alias eos asperiores laudantium est deserunt. Tenetur perspiciatis facere sed dolorum alias.',NULL,23),(3,98,'1994-05-26 18:20:52','Vero architecto esse maiores rerum. Est repellendus natus at. Rem quia totam est facilis assumenda rerum et perspiciatis. Eos rerum qui aut ut adipisci possimus dicta.',NULL,44),(4,66,'1996-08-03 09:50:47','Itaque commodi ea dolorem. Deserunt aut aliquid est consequatur numquam. Ipsa impedit laborum labore et amet. Mollitia sed mollitia mollitia sit commodi.',NULL,0),(5,19,'1981-10-19 21:02:12','Excepturi adipisci corrupti cumque beatae quia cumque. Et voluptates consequatur quibusdam autem. Eveniet in inventore modi quis. Sed vero ipsum omnis cum alias qui ea. Ut dolore exercitationem ab dolores.',5,0),(6,49,'2009-06-11 06:21:19','Et aliquam commodi error blanditiis deleniti consectetur. Nesciunt blanditiis saepe quo et et repellat possimus. Sapiente ipsa vel et totam nesciunt quam. Delectus saepe quia sed illo id et voluptatem.',6,14),(7,92,'2009-03-09 15:35:39','Iure quia exercitationem ipsam cum facilis. Sit nihil repudiandae et reiciendis quis quia. Eum iusto ipsa dolor sit sequi nihil. Blanditiis rem blanditiis provident incidunt.',NULL,0),(8,69,'2013-04-18 06:11:34','Sit blanditiis natus quia in. Et non labore et sit voluptas animi voluptatem autem. Nihil provident id qui inventore. Et cumque nisi blanditiis aliquam mollitia rerum tempore.',NULL,95),(9,45,'1970-12-13 08:54:25','In tempore aliquam facilis blanditiis aut sed. Nihil consequuntur sapiente est veritatis dolorem corporis quidem eum. Nihil dolorem ab nesciunt dolores nihil unde. Sed esse dolorum quia quisquam ut.',NULL,35),(10,93,'2006-06-04 06:31:26','Aut non excepturi mollitia eos eos atque. Repudiandae occaecati culpa porro a maxime vel consequatur.',NULL,0),(11,73,'2010-02-26 10:29:57','Laudantium molestias voluptatem corrupti quam doloremque rerum. Corrupti et ipsum est itaque blanditiis. Excepturi quaerat temporibus eum consectetur laborum. Quis qui qui sint repellendus vero dolore quis. Ut et et distinctio.',11,63),(12,38,'2002-01-01 02:47:39','Totam ipsam non sapiente eveniet ut vero non. Debitis dolor totam provident dolores aut quibusdam a quisquam. Iste praesentium voluptatem quia molestias et ut inventore.',12,0),(13,39,'1994-03-17 03:23:12','Quo non non assumenda illo nobis pariatur animi. Voluptas assumenda omnis est iure modi quo nesciunt. Eius iste et minus iste libero dolorem earum quae. Quas eius odio aut doloribus est.',13,13),(14,82,'1990-08-13 19:02:46','Commodi corporis voluptas quidem adipisci magnam illum sunt. Doloribus tempore in qui ut nostrum consequatur praesentium. Est vel et excepturi mollitia in ab. Et officia laboriosam aspernatur.',14,0),(15,22,'2001-05-25 13:56:22','Ullam et qui sed hic aliquid totam. Ut adipisci corrupti optio qui molestias voluptate qui.',15,57),(16,54,'1979-02-09 15:23:17','Sequi sit culpa minima ratione non delectus quae ipsa. Illum iste repellat sed illo. Eos nihil aut neque blanditiis. Fugit veniam eum facere in tempore.',NULL,0),(17,90,'1979-07-30 17:59:47','At quo modi optio architecto quasi sed tempore error. Vel accusamus est error asperiores.',NULL,0),(18,8,'2002-07-09 05:17:46','A pariatur labore ea iusto. Perspiciatis illo porro rerum veritatis expedita. Voluptatem culpa reiciendis ut consequatur reiciendis qui.',18,100),(19,76,'1994-06-05 21:52:41','Id id autem molestiae a. Fuga non omnis perferendis voluptatem ut sunt. Rerum blanditiis et est officia esse non expedita modi. Molestias omnis qui in autem distinctio sit rerum itaque. Numquam qui hic quos aut.',NULL,0),(20,92,'1985-06-24 19:41:39','Qui debitis praesentium quam et. Et deleniti non incidunt eveniet odio omnis qui. Ad asperiores blanditiis laudantium ad voluptatem quasi nesciunt. Eos delectus deserunt ratione numquam ex fugit nihil qui.',NULL,0),(21,37,'1971-11-20 02:03:24','Soluta repellat et quod enim voluptas perspiciatis quisquam enim. Quasi quas laborum culpa vel rerum sapiente ab rerum. Vel praesentium reprehenderit alias quia inventore fugiat.',21,63),(22,10,'1972-11-10 03:31:27','Sed voluptas necessitatibus voluptatem ea blanditiis placeat recusandae. A nam quos velit enim at dignissimos. Quibusdam id et consequatur fuga animi.',22,0),(23,88,'1971-09-29 07:04:00','Libero eum reiciendis aliquam qui dolore minus. Et voluptatem sunt ex et est provident ea. Non sint vitae quidem maiores dolores ipsam dolores. Dolor ut enim iure animi distinctio et autem.',NULL,0),(24,84,'1994-06-08 10:49:28','Et aspernatur incidunt ea qui asperiores illo quos repudiandae. Laborum debitis ut iste quaerat aut magnam iste quaerat. Et a aspernatur expedita.',NULL,0),(25,93,'2011-10-31 17:17:40','Dolores nisi aut commodi qui et enim. Quas veritatis mollitia tempora autem nobis consequatur et laudantium. Velit quam distinctio commodi recusandae ut explicabo cupiditate magnam.',25,0),(26,49,'1976-09-19 04:04:38','Quam doloribus maiores molestiae tempore quia. Natus qui laboriosam omnis accusamus. Nisi et et omnis architecto. Aperiam voluptate tenetur et voluptatem aliquam tenetur quis.',NULL,44),(27,10,'2003-05-06 09:40:47','Id iusto sint omnis suscipit est. Ut consequatur sunt molestiae. Mollitia voluptates quasi quos. Ea qui vitae et. Rerum incidunt ut quis.',27,25),(28,60,'1975-02-21 02:39:14','Minus ullam sint vel ut sit. Maxime culpa rem maxime mollitia voluptatem. Quia unde pariatur amet repellendus est.',NULL,56),(29,31,'2017-05-03 23:23:20','Qui provident exercitationem nobis numquam id cum. Ipsum et voluptatem autem. Omnis neque non dolorem nihil animi sint optio ipsum. Id veniam aut repellendus.',NULL,99),(30,53,'1991-07-26 07:51:51','Neque quibusdam ad blanditiis voluptatem nam. Fugiat reprehenderit quaerat nesciunt natus ex qui. Possimus beatae ut doloremque vel quasi magni enim. Hic ab sunt et voluptas et.',30,0),(31,63,'2007-09-03 11:23:22','Fugit et necessitatibus ut qui. Molestiae officia cupiditate distinctio enim praesentium itaque cumque inventore.',31,8),(32,94,'1970-08-19 02:20:30','Dolor facilis at iste molestias. Nihil et voluptatem amet qui neque eum. Saepe in quod fugiat explicabo ea sed. Vero sed perspiciatis qui nostrum itaque.',32,0),(33,19,'1973-10-08 19:33:55','Necessitatibus est nemo voluptatum aperiam. Explicabo corporis quo fugit ipsum minima consequatur dolore. Minus incidunt sit esse laborum.',33,75),(34,56,'2002-10-30 08:13:59','Harum distinctio consequatur explicabo assumenda voluptates. A sint ducimus dolores molestiae consequuntur. Cum eveniet aut eos eum quae. Magnam consequatur alias aut maxime eaque praesentium.',NULL,0),(35,16,'1981-11-23 17:07:21','Nesciunt voluptas est et ipsa. Et aut corporis qui doloremque ipsum corporis. Ad illum corporis cumque est ut et. Corporis quia doloribus cupiditate corporis perferendis libero.',35,23),(36,46,'1982-03-08 16:59:54','Assumenda nemo ut doloremque quam nemo facilis. Quas repellat architecto velit est. Qui ut debitis nihil nesciunt quis officiis voluptatum.',NULL,0),(37,33,'1987-10-26 15:15:14','Dolores ipsum cumque tenetur nulla. Omnis nobis illum molestiae libero qui perferendis sint.',37,0),(38,51,'2001-07-21 19:45:56','Recusandae expedita officia cumque culpa voluptatibus id. Quia sint sunt molestiae iste ipsa iste. Quod rerum ad velit voluptas id est ad.',38,4),(39,37,'1982-02-02 12:25:15','Nobis nam iure ut sit exercitationem eaque quo. Nesciunt repellendus eum voluptatum alias eveniet.',39,0),(40,58,'1989-03-01 23:43:57','Non iste praesentium rerum voluptatum ea enim et. Ipsum ex laudantium necessitatibus aut est.',NULL,0),(41,84,'1989-11-17 21:59:26','Aut voluptatem consequuntur quia quidem. Suscipit fugit ipsum molestiae omnis. Quam autem in sequi modi atque. Rem soluta modi harum voluptates eveniet.',NULL,36),(42,7,'1993-03-02 08:59:12','Deserunt ipsum nihil vitae minima ea soluta. Consequuntur dolores accusamus tempore. Rem commodi dolores eos consequuntur animi.',42,84),(43,93,'2007-07-31 14:08:24','Et beatae quia id. Ut quo qui aut ut et magni deserunt. Quod quo illo ex odit voluptas aut. Quis commodi aut ratione quisquam nam deleniti natus laudantium.',NULL,62),(44,90,'2001-08-18 08:21:40','Voluptas aliquid dolores quia voluptatem. Fugiat est delectus qui alias. Est consequuntur quaerat officia ut natus.',NULL,0),(45,58,'1993-04-19 08:48:21','Nisi consequatur nihil voluptatem. Architecto cupiditate pariatur repellat sunt placeat est labore. Veniam id possimus qui iure illum voluptas quas.',NULL,0),(46,67,'2005-11-21 21:42:37','Autem eum pariatur ut vitae commodi non veritatis. Vero consectetur ea minima vel consectetur nam eum. Repudiandae porro incidunt ea reprehenderit atque earum sint. Deleniti nihil repellendus quo.',NULL,0),(47,13,'1986-04-15 17:05:04','Officia tenetur dolorem quidem nostrum rem. Id ut et et aut possimus. Natus eligendi velit reprehenderit iusto sit tempora.',47,0),(48,42,'2008-01-30 03:38:40','Laudantium itaque molestias sunt amet velit ipsam saepe. Inventore est incidunt et est nihil autem voluptates. Dolorem quibusdam impedit dolorem doloribus quod. Voluptatum necessitatibus exercitationem cupiditate eos ipsum nihil molestiae est.',48,0),(49,91,'1998-06-22 16:20:48','Enim natus possimus minus at unde. Quia harum natus vel. Nemo quo officia id recusandae.',NULL,0),(50,18,'2014-12-02 11:38:17','Consectetur tempore temporibus excepturi dolor sed ipsa possimus. Quis autem quia qui totam nam ut neque. Velit veritatis suscipit nihil reiciendis dicta sit expedita. Eos deserunt sed nostrum minima.',50,0),(51,65,'1971-01-15 21:01:29','Delectus dolorem saepe aliquam aut deleniti nihil. Temporibus accusamus itaque placeat ratione. Itaque exercitationem cupiditate nemo recusandae sapiente aut. Sunt nisi omnis suscipit molestiae.',NULL,26),(52,3,'1990-06-11 02:57:38','Nemo voluptate autem expedita sunt provident maxime. Nam illum nobis placeat quam voluptas. Voluptatem amet natus sapiente. Molestiae aut est consectetur et.',52,0),(53,96,'2012-06-10 04:50:14','Veniam tenetur qui amet quaerat eius. Dolor voluptates rem sed aperiam quo fuga soluta est. Quia voluptatum et dignissimos rerum. Sed sunt provident tempora veniam eveniet maxime est molestiae.',NULL,56),(54,14,'2016-11-29 19:07:17','Et dolorem voluptas omnis repellendus nihil in dolore. Iusto molestiae id et accusamus recusandae.',54,78),(55,83,'1978-12-16 08:35:02','Sed saepe mollitia reprehenderit ipsum iste. Necessitatibus et maiores libero ad sapiente inventore rerum. Ipsum porro alias deserunt quis.',NULL,0),(56,2,'1971-06-28 18:32:07','Aut sit ducimus laudantium doloremque. Officiis et quibusdam repellat rem et amet. Cum eveniet porro minus ipsam ab soluta nulla.',56,31),(57,37,'2000-02-01 07:54:47','Dolores quia architecto fugiat. Quis nemo facere quo fuga debitis. Exercitationem consequatur nam perferendis aut nesciunt. Qui vitae non cum architecto.',57,38),(58,59,'1995-04-07 11:38:39','Nesciunt adipisci soluta sed reprehenderit omnis veritatis voluptas. Enim officia rerum recusandae nihil eum. Deserunt expedita a beatae in temporibus et officia.',NULL,75),(59,34,'2017-12-06 13:58:22','Aliquid minima facilis facilis et explicabo modi autem officiis. Non vitae consequatur quae unde quia quia. Ipsam nesciunt veritatis nobis aut molestias voluptatem.',59,0),(60,81,'1974-06-04 21:07:54','Ex totam iure soluta vitae maiores veritatis. Inventore est totam fugit. Cumque et est esse omnis.',NULL,42),(61,40,'2002-05-04 11:40:14','Est deleniti modi cum nulla ab et illum. Dicta ipsam dignissimos eos dolores velit. Et quasi ducimus quod molestias molestias ipsa illum. Vel nam sed omnis occaecati temporibus temporibus ea.',61,75),(62,4,'1977-11-27 00:04:01','Alias molestias quia delectus. Ut voluptatem repudiandae rerum dolorem asperiores perferendis. Voluptatem non architecto quis aspernatur omnis omnis. Eveniet enim autem libero possimus hic natus unde.',62,0),(63,92,'2002-04-04 00:13:33','Corporis rem quaerat eos eum. Dolor illum quisquam est fugit nulla ducimus. Et expedita et eveniet enim nihil.',NULL,48),(64,71,'1974-03-22 07:19:28','Deleniti reiciendis et sunt autem. Quasi corporis blanditiis ullam corporis. Repudiandae in dolorem neque voluptatem.',64,0),(65,5,'2017-08-28 12:15:36','Tenetur aut blanditiis vero voluptate aut vel animi. Repellat est excepturi et qui dolores adipisci. Et tempora vel aut. Saepe in reiciendis voluptate incidunt voluptatem.',65,0),(66,71,'1977-03-22 21:56:51','Inventore tempore ut in voluptatem dignissimos ut necessitatibus perspiciatis. Asperiores neque illum praesentium cumque sed. Consectetur repellendus minus in est ipsa.',66,21),(67,55,'1985-01-25 22:08:39','Sed nemo quis temporibus placeat omnis maiores totam. Deleniti et voluptatibus esse adipisci dignissimos dolor. Iste mollitia inventore quia accusantium voluptates. Tempora iusto eum in quia.',67,0),(68,98,'2003-07-21 06:15:53','Tempore impedit quisquam voluptas labore. Sed distinctio rerum labore facere occaecati. Laudantium voluptatem sunt voluptas repudiandae sit. A nesciunt ea et voluptatem qui quod ut. Repellendus ad accusantium officiis eaque quia animi.',68,0),(69,5,'2005-04-03 04:47:57','Amet amet sit ducimus cupiditate ad. Nulla ea est sint. Sed eum facilis quo molestias sed. Quidem ut assumenda inventore explicabo est atque nostrum.',69,71),(70,56,'1975-05-10 03:22:19','Et eos deserunt eius et nobis qui. Commodi nostrum quam quos. Qui ipsam expedita iste eum saepe et et sed. Ratione consequatur earum et porro facilis.',70,18),(71,73,'1997-04-15 23:20:18','Molestiae tenetur quo nihil error. Inventore velit quia dignissimos dolorum. Quia aut maiores esse velit.',NULL,0),(72,57,'1996-06-20 09:46:18','Incidunt eos reiciendis in nesciunt. Esse similique recusandae unde sint incidunt. Et quis non quibusdam beatae est debitis.',NULL,0),(73,26,'2004-11-02 11:40:28','Est iure odit modi consequatur. Dolor pariatur eos inventore ipsa enim inventore. Ut esse laudantium soluta vel.',73,0),(74,48,'2003-10-15 08:37:02','Ex possimus natus tempora expedita quo numquam sit. Sint praesentium fugit sint rerum qui provident. Quaerat rem enim totam sed quam autem.',74,0),(75,44,'2000-04-24 23:02:34','Sapiente maiores aut quaerat inventore aliquid incidunt sint asperiores. Exercitationem quidem laudantium reprehenderit distinctio. Voluptatem qui illo dolore enim delectus consequatur iure. Dignissimos inventore molestiae rerum aperiam velit.',75,0),(76,45,'2012-05-06 00:36:44','Voluptatem architecto nesciunt qui quis laudantium eos. Vero vel est labore animi ut sit. Dolorum fugiat in culpa illum dolorem voluptatum. Aut autem rerum praesentium consequuntur molestiae reprehenderit.',76,0),(77,20,'1978-08-18 05:26:21','Ea aut est aut nesciunt quasi. Voluptatum perferendis est non labore. Excepturi non non quia voluptatibus vel qui fugit reiciendis. Laboriosam quae quis incidunt quibusdam voluptatem quod ea. Dolores illo aut et ratione delectus quisquam.',NULL,73),(78,37,'2020-03-31 08:25:30','Enim quod quibusdam earum dolor corrupti omnis. Voluptates illo adipisci et. Quia et voluptas recusandae et ratione molestiae natus. Dolorem repellat sapiente aut velit quas.',78,0),(79,21,'2001-02-28 01:16:52','Quia iusto voluptas est temporibus labore earum omnis. Et possimus accusantium necessitatibus consectetur possimus. Possimus officia molestias reiciendis dolorum accusantium dolorem recusandae suscipit. Et omnis et placeat.',NULL,26),(80,65,'2015-08-10 20:29:31','Et quam ullam iste sit. Quae doloribus rerum est in corrupti. Maiores enim incidunt vel similique quam sunt.',NULL,61),(81,7,'2012-05-17 23:44:33','Voluptatum ea dolores rerum et libero aliquid iste. Nobis consequatur ipsum consequatur dicta.',81,0),(82,62,'2008-03-04 14:49:50','Distinctio voluptatem debitis ut quam consequatur. Ea magnam voluptatibus non qui tempore dolorem alias non. Voluptas animi odit saepe accusamus iure rerum aut at.',82,0),(83,97,'1981-06-03 04:56:13','Aperiam doloribus id assumenda amet. Quam officiis ratione magni. Fugiat aut harum totam totam ut ea tenetur.',NULL,0),(84,39,'2001-08-01 21:03:04','Cum quis praesentium minima cumque blanditiis. Velit quae itaque cum ex maxime. Consequatur possimus earum est exercitationem quia sit.',84,0),(85,79,'1991-01-20 19:21:16','Similique optio delectus eos ea dolores reiciendis illo. Eum modi enim cumque et et. Blanditiis cum eum voluptatem aut. Explicabo doloribus velit sint qui.',NULL,19),(86,54,'2006-08-13 23:12:42','Consequatur non facere ut iusto repudiandae consequatur aut. Numquam neque et quibusdam aut molestiae ea. Nisi natus nam rerum eum natus officia id. Ullam minus sequi repellat unde.',86,0),(87,79,'1998-08-24 13:32:25','Reiciendis ducimus voluptatibus voluptate ullam. Et et in ratione alias consequatur perspiciatis suscipit. Eligendi reiciendis id consequatur modi. Et quo velit temporibus sapiente.',NULL,0),(88,27,'1978-07-04 10:18:05','Qui et repellendus aliquam. Non eum modi consequatur rerum dolor quia. Quia esse ipsam incidunt aut.',NULL,28),(89,94,'1980-10-18 08:17:39','Quibusdam delectus explicabo voluptatibus odit esse qui. Delectus est ut ratione quam nihil eaque et esse. Autem eligendi saepe ut sed.',NULL,57),(90,29,'1970-10-15 20:05:32','Molestiae quasi dolorem et nemo reiciendis voluptas. Vel quam architecto nostrum minima. Excepturi molestiae sed rerum consequatur. Aut velit quae quia voluptates. Odio iure iusto laborum.',NULL,82),(91,62,'1983-05-21 05:05:14','Harum deleniti facere fuga et voluptates itaque magni. Fugiat nemo quis qui nihil.',NULL,87),(92,34,'1972-03-09 12:53:01','Sed dicta omnis modi veritatis itaque a. Eos explicabo veniam aperiam. Expedita ut temporibus nihil unde id.',92,0),(93,47,'1973-02-07 11:43:26','Voluptatem accusamus molestiae voluptas rerum. Sapiente molestias ut officiis aut cumque et et.',NULL,21),(94,41,'2005-01-08 06:52:01','Nihil fuga qui nulla hic cum sit consectetur quidem. Quia molestias nemo tempore voluptas officia accusantium autem voluptas. Id vel sit quia dolorem provident.',NULL,0),(95,47,'1984-06-19 22:38:45','Error est officiis necessitatibus est. Sapiente ut eligendi debitis officiis quaerat temporibus. Animi officia illo molestiae asperiores ut. Saepe voluptatem nihil dolor.',NULL,0),(96,89,'2018-04-10 06:18:34','Earum veniam id id repellat temporibus rem veritatis. Consequatur sed cum explicabo quos suscipit culpa. Autem iure velit beatae ut quia ut at. Ea est qui nobis voluptatibus minus quisquam.',NULL,75),(97,80,'2004-11-10 22:22:03','Sed voluptatem necessitatibus est eveniet. Aut in quo quaerat. Incidunt et quia et ducimus facilis commodi.',NULL,18),(98,86,'1992-04-04 18:51:01','Accusantium nam odit natus voluptatum provident sunt earum. Possimus quae in harum minima fugiat harum. Aliquid amet cupiditate reiciendis odio soluta. Odit possimus illum voluptas doloribus similique corrupti harum aut.',98,0),(99,20,'1978-01-25 02:31:13','Quia aliquid eos consequatur facilis. Repellat rem distinctio quisquam officiis. Aut ea laboriosam tempore consequatur inventore unde et.',99,14),(100,70,'1986-03-10 22:52:11','Perferendis neque deserunt recusandae soluta cum et. Dolore excepturi recusandae qui sint. Et beatae corrupti occaecati nemo fugit blanditiis. Quisquam et assumenda dolor.',100,0);
/*!40000 ALTER TABLE `comments` ENABLE KEYS */;
UNLOCK TABLES;

--
-- Table structure for table `communities`
--

DROP TABLE IF EXISTS `communities`;
/*!40101 SET @saved_cs_client     = @@character_set_client */;
/*!50503 SET character_set_client = utf8mb4 */;
CREATE TABLE `communities` (
  `id` int unsigned NOT NULL AUTO_INCREMENT,
  `name` varchar(150) NOT NULL,
  PRIMARY KEY (`id`),
  UNIQUE KEY `name` (`name`)
) ENGINE=InnoDB AUTO_INCREMENT=101 DEFAULT CHARSET=utf8mb4 COLLATE=utf8mb4_0900_ai_ci;
/*!40101 SET character_set_client = @saved_cs_client */;

--
-- Dumping data for table `communities`
--

LOCK TABLES `communities` WRITE;
/*!40000 ALTER TABLE `communities` DISABLE KEYS */;
INSERT INTO `communities` VALUES (79,'a'),(66,'adipisci'),(50,'aliquam'),(58,'aliquid'),(67,'amet'),(20,'animi'),(54,'architecto'),(94,'asperiores'),(28,'assumenda'),(33,'aut'),(81,'autem'),(39,'beatae'),(75,'blanditiis'),(13,'commodi'),(64,'consectetur'),(8,'consequatur'),(55,'corporis'),(72,'cumque'),(38,'cupiditate'),(68,'debitis'),(5,'dicta'),(10,'distinctio'),(71,'dolor'),(73,'dolore'),(31,'doloremque'),(97,'dolores'),(95,'doloribus'),(51,'dolorum'),(30,'ea'),(7,'earum'),(61,'eligendi'),(27,'enim'),(43,'est'),(42,'et'),(83,'eum'),(59,'eveniet'),(69,'ex'),(89,'excepturi'),(88,'exercitationem'),(37,'explicabo'),(34,'facere'),(18,'fuga'),(65,'fugiat'),(91,'fugit'),(29,'hic'),(47,'impedit'),(11,'in'),(49,'incidunt'),(41,'ipsa'),(70,'iste'),(80,'iusto'),(87,'laboriosam'),(9,'laborum'),(57,'laudantium'),(98,'magnam'),(3,'maiores'),(48,'maxime'),(90,'minus'),(4,'modi'),(40,'molestiae'),(35,'molestias'),(6,'mollitia'),(92,'natus'),(100,'neque'),(36,'nihil'),(21,'nobis'),(17,'non'),(96,'nulla'),(62,'numquam'),(45,'occaecati'),(14,'officia'),(19,'omnis'),(84,'optio'),(93,'perferendis'),(23,'quasi'),(15,'qui'),(85,'quia'),(53,'quibusdam'),(82,'quis'),(22,'quisquam'),(24,'quo'),(12,'quod'),(1,'reiciendis'),(44,'rem'),(52,'rerum'),(99,'saepe'),(60,'sapiente'),(56,'sed'),(74,'sint'),(32,'sit'),(78,'soluta'),(86,'sunt'),(76,'suscipit'),(26,'ut'),(77,'vel'),(63,'veniam'),(25,'voluptas'),(2,'voluptatem'),(16,'voluptatibus'),(46,'voluptatum');
/*!40000 ALTER TABLE `communities` ENABLE KEYS */;
UNLOCK TABLES;

--
-- Table structure for table `communities_links`
--

DROP TABLE IF EXISTS `communities_links`;
/*!40101 SET @saved_cs_client     = @@character_set_client */;
/*!50503 SET character_set_client = utf8mb4 */;
CREATE TABLE `communities_links` (
  `community_id` int unsigned NOT NULL,
  `link` varchar(150) NOT NULL,
  UNIQUE KEY `link` (`link`),
  KEY `communities_links_community_id_fk` (`community_id`),
  CONSTRAINT `communities_links_community_id_fk` FOREIGN KEY (`community_id`) REFERENCES `communities` (`id`) ON DELETE CASCADE
) ENGINE=InnoDB DEFAULT CHARSET=utf8mb4 COLLATE=utf8mb4_0900_ai_ci;
/*!40101 SET character_set_client = @saved_cs_client */;

--
-- Dumping data for table `communities_links`
--

LOCK TABLES `communities_links` WRITE;
/*!40000 ALTER TABLE `communities_links` DISABLE KEYS */;
/*!40000 ALTER TABLE `communities_links` ENABLE KEYS */;
UNLOCK TABLES;

--
-- Table structure for table `communities_users`
--

DROP TABLE IF EXISTS `communities_users`;
/*!40101 SET @saved_cs_client     = @@character_set_client */;
/*!50503 SET character_set_client = utf8mb4 */;
CREATE TABLE `communities_users` (
  `community_id` int unsigned NOT NULL,
  `user_id` int unsigned NOT NULL,
  PRIMARY KEY (`community_id`,`user_id`),
  KEY `communities_users_user_id_fk` (`user_id`),
  CONSTRAINT `communities_users_community_id_fk` FOREIGN KEY (`community_id`) REFERENCES `communities` (`id`) ON DELETE CASCADE,
  CONSTRAINT `communities_users_user_id_fk` FOREIGN KEY (`user_id`) REFERENCES `users` (`id`) ON DELETE CASCADE
) ENGINE=InnoDB DEFAULT CHARSET=utf8mb4 COLLATE=utf8mb4_0900_ai_ci;
/*!40101 SET character_set_client = @saved_cs_client */;

--
-- Dumping data for table `communities_users`
--

LOCK TABLES `communities_users` WRITE;
/*!40000 ALTER TABLE `communities_users` DISABLE KEYS */;
INSERT INTO `communities_users` VALUES (8,1),(4,2),(74,2),(79,2),(71,3),(54,4),(80,4),(25,6),(52,8),(93,8),(31,9),(51,10),(82,11),(83,11),(14,13),(85,14),(84,15),(92,15),(2,17),(7,17),(89,17),(53,19),(90,19),(98,20),(40,21),(78,21),(67,23),(56,25),(63,27),(76,28),(41,31),(58,31),(99,32),(11,34),(19,36),(20,36),(49,39),(73,40),(87,40),(36,41),(37,41),(47,41),(39,42),(65,42),(100,42),(22,43),(3,45),(13,50),(96,50),(10,53),(34,54),(27,55),(28,56),(5,57),(91,59),(16,60),(32,62),(35,63),(46,63),(15,64),(60,65),(70,65),(77,65),(24,68),(30,68),(21,69),(69,69),(97,74),(48,75),(18,76),(42,76),(55,76),(1,77),(26,77),(50,77),(12,79),(38,79),(57,80),(59,80),(75,80),(9,81),(44,81),(68,82),(64,83),(33,85),(94,85),(29,86),(86,86),(17,87),(6,88),(45,88),(62,89),(66,90),(88,94),(23,95),(81,97),(95,97),(61,98),(43,99),(72,100);
/*!40000 ALTER TABLE `communities_users` ENABLE KEYS */;
UNLOCK TABLES;

--
-- Table structure for table `friendship`
--

DROP TABLE IF EXISTS `friendship`;
/*!40101 SET @saved_cs_client     = @@character_set_client */;
/*!50503 SET character_set_client = utf8mb4 */;
CREATE TABLE `friendship` (
  `user_id` int unsigned NOT NULL,
  `friend_id` int unsigned NOT NULL,
  `status_id` int unsigned NOT NULL,
  `requested_at` datetime DEFAULT CURRENT_TIMESTAMP,
  `confirmed_at` datetime DEFAULT NULL,
  PRIMARY KEY (`user_id`,`friend_id`),
  KEY `friendship_friend_id_fk` (`friend_id`),
  KEY `friendship_status_id_fk` (`status_id`),
  CONSTRAINT `friendship_friend_id_fk` FOREIGN KEY (`friend_id`) REFERENCES `users` (`id`) ON DELETE CASCADE,
  CONSTRAINT `friendship_status_id_fk` FOREIGN KEY (`status_id`) REFERENCES `friendship_statuses` (`id`) ON DELETE CASCADE,
  CONSTRAINT `friendship_user_id_fk` FOREIGN KEY (`user_id`) REFERENCES `users` (`id`) ON DELETE CASCADE
) ENGINE=InnoDB DEFAULT CHARSET=utf8mb4 COLLATE=utf8mb4_0900_ai_ci;
/*!40101 SET character_set_client = @saved_cs_client */;

--
-- Dumping data for table `friendship`
--

LOCK TABLES `friendship` WRITE;
/*!40000 ALTER TABLE `friendship` DISABLE KEYS */;
INSERT INTO `friendship` VALUES (1,86,2,'2002-01-04 19:35:38','2016-02-11 22:52:10'),(2,43,1,'1997-01-02 01:58:05','1975-05-29 08:32:14'),(3,12,3,'2004-02-27 15:14:18','2005-11-22 10:08:50'),(4,6,4,'1995-02-28 14:54:21','1980-12-10 01:33:41'),(5,85,4,'1982-04-18 07:46:02','2014-12-16 14:05:20'),(6,52,2,'2018-04-07 18:21:49','1985-01-15 19:04:07'),(7,21,1,'2010-02-06 14:55:20','1998-08-02 07:00:55'),(8,9,1,'1974-06-02 13:36:33','2005-10-31 02:28:29'),(9,42,4,'2005-12-23 17:22:29','1974-11-14 07:00:42'),(10,86,3,'1983-08-13 00:05:47','2003-09-12 12:14:02'),(11,38,3,'1996-03-22 12:20:06','1989-01-19 11:17:44'),(12,65,3,'2009-12-06 03:35:56','1975-05-30 11:28:07'),(13,36,1,'2004-07-17 00:15:07','2002-06-04 05:10:21'),(14,3,4,'1996-12-17 17:12:30','2010-02-22 00:43:09'),(15,90,2,'2005-12-27 16:34:47','1993-03-20 19:25:26'),(16,44,3,'1975-08-03 19:28:58','2018-12-11 21:00:33'),(17,69,4,'2014-06-14 08:17:39','1979-03-24 03:35:55'),(18,77,4,'1973-07-06 12:03:21','1970-04-14 21:55:59'),(19,49,4,'2008-06-30 09:53:58','1998-06-06 09:22:36'),(20,68,2,'1998-06-19 01:16:56','1997-11-14 17:54:09'),(21,78,1,'1975-09-19 02:07:27','1974-12-05 06:41:37'),(22,69,4,'2007-10-18 02:13:38','2008-01-28 04:00:49'),(23,24,4,'1977-02-17 22:20:45','1997-06-09 07:49:01'),(24,20,3,'2016-08-31 13:53:35','1978-03-23 09:25:08'),(25,55,1,'2015-03-25 23:37:19','1986-01-24 10:07:24'),(26,18,4,'1974-12-17 13:47:44','1984-10-30 22:00:24'),(27,58,4,'2005-12-12 22:22:51','2015-07-26 04:30:47'),(28,60,4,'1996-01-14 13:01:43','2016-07-15 17:49:28'),(29,86,3,'1977-04-06 14:56:10','1986-04-30 01:06:17'),(30,92,4,'2001-02-24 01:21:59','1996-12-22 12:18:08'),(31,92,2,'1992-05-25 11:59:42','2016-08-13 20:57:39'),(32,50,3,'1994-10-19 11:02:00','1995-07-03 07:07:34'),(33,21,2,'1980-01-15 07:00:54','2013-11-26 14:42:38'),(34,41,3,'1991-01-30 20:17:06','1984-07-15 00:48:21'),(35,8,1,'1974-09-03 04:13:41','1986-01-30 00:41:18'),(36,2,4,'2010-07-26 14:03:34','1985-07-05 01:20:33'),(37,28,3,'2010-08-15 09:00:30','1976-01-18 21:26:19'),(38,85,3,'2014-02-22 09:05:46','2000-01-02 21:26:36'),(39,47,1,'2012-06-28 01:50:21','2019-06-23 16:30:40'),(40,17,1,'2007-12-14 20:39:55','2015-10-14 00:41:07'),(41,9,2,'1975-05-07 04:34:30','1971-08-28 20:51:53'),(42,93,3,'1997-02-27 06:06:14','2010-12-08 12:13:56'),(43,15,3,'2000-09-27 10:15:48','1997-02-01 22:22:21'),(44,60,1,'2009-01-01 05:41:22','1993-07-02 03:45:42'),(45,14,3,'2012-09-24 19:51:39','1989-11-15 13:19:27'),(46,76,1,'1974-05-25 10:07:14','2005-12-06 15:24:10'),(47,86,2,'2016-05-19 05:24:56','1980-06-05 02:53:56'),(48,66,1,'1974-09-18 03:51:26','2013-01-18 10:17:48'),(49,52,1,'1984-12-15 04:47:47','2016-10-06 02:16:19'),(50,75,3,'1973-01-14 17:35:25','1970-12-21 00:12:24'),(51,15,4,'2012-11-20 22:29:54','1992-04-04 01:23:08'),(52,46,2,'2013-01-10 06:45:00','1986-04-07 20:20:44'),(53,46,2,'1987-05-28 03:53:12','2004-09-05 05:38:00'),(54,94,4,'2013-03-02 19:12:48','1998-01-09 12:52:34'),(55,34,1,'2016-04-19 17:59:10','2002-05-10 04:32:52'),(56,93,2,'1989-09-15 12:27:03','1971-05-22 03:45:47'),(57,45,4,'2013-11-22 13:21:08','1975-12-17 21:16:03'),(58,8,3,'1990-10-14 12:09:52','2018-09-25 15:13:57'),(59,36,3,'1989-04-22 03:53:35','2004-01-10 12:00:49'),(60,60,2,'1977-02-03 16:15:59','1982-01-21 00:03:33'),(61,19,2,'2017-04-03 16:17:12','1974-03-30 15:21:23'),(62,55,1,'1995-06-10 17:47:10','2014-06-29 03:53:18'),(63,61,1,'2015-05-08 03:17:10','2003-10-20 06:27:01'),(64,11,1,'1993-07-22 14:12:52','2001-05-07 22:14:21'),(65,26,4,'1997-09-17 09:59:28','1975-11-26 09:27:32'),(66,72,2,'1990-01-05 11:50:14','2012-08-03 15:58:51'),(67,61,1,'2003-11-04 19:22:48','1987-12-12 23:16:34'),(68,84,1,'1984-02-01 14:27:23','1986-10-08 09:57:25'),(69,46,4,'2016-06-05 11:42:00','1988-09-30 07:31:42'),(70,98,4,'2016-01-08 23:53:28','1987-04-09 02:15:15'),(71,88,4,'1989-01-31 19:24:34','2005-07-27 13:52:40'),(72,21,2,'1982-11-12 10:04:46','2011-02-11 04:51:17'),(73,75,2,'2002-09-04 22:39:31','2006-08-27 08:15:05'),(74,91,1,'1977-09-09 06:24:56','1997-02-01 13:58:04'),(75,96,2,'1986-12-04 11:23:42','1995-12-08 11:44:53'),(76,59,1,'1973-04-30 04:25:16','1989-08-11 19:06:01'),(77,86,1,'1991-03-22 14:00:52','2013-02-18 23:14:44'),(78,18,2,'1990-12-09 17:27:31','1978-08-30 08:23:10'),(79,33,2,'1976-01-27 03:55:11','1974-10-29 06:46:48'),(80,59,3,'1996-05-01 08:32:09','1989-06-24 08:08:03'),(81,13,2,'1997-02-24 19:17:05','1971-03-08 00:16:11'),(82,100,3,'1989-05-07 10:30:42','1990-07-15 19:08:35'),(83,47,4,'1976-07-25 15:18:31','1984-11-16 07:59:26'),(84,79,4,'1982-02-07 21:08:47','2014-11-15 16:15:26'),(85,60,4,'2008-05-18 20:01:59','2008-08-24 18:10:08'),(86,72,2,'1992-07-03 13:48:34','2016-07-23 07:25:04'),(87,65,4,'1982-06-06 04:08:30','2007-02-16 18:50:06'),(88,79,2,'1984-08-14 08:03:23','1993-07-01 04:01:24'),(89,21,3,'1991-03-07 19:42:02','2000-05-16 18:56:23'),(90,49,1,'2003-10-24 17:33:07','2019-07-14 19:36:12'),(91,19,1,'1971-11-20 13:54:47','1972-08-25 12:10:28'),(92,30,1,'1980-02-26 16:52:50','1984-04-10 11:57:18'),(93,21,2,'2005-11-12 09:43:21','2007-07-06 15:05:44'),(94,51,3,'2017-12-31 00:12:49','1986-10-11 00:16:25'),(95,76,1,'2015-05-04 03:19:15','1974-06-20 14:50:21'),(96,13,4,'2006-01-23 01:51:29','1999-08-18 01:49:00'),(97,39,1,'2000-09-26 00:01:32','2001-06-02 17:05:15'),(98,62,4,'2015-10-13 23:17:42','2019-07-24 09:27:44'),(99,95,2,'1985-02-07 06:02:11','1974-06-21 14:38:18'),(100,78,3,'1970-04-04 20:35:42','1975-10-19 05:48:03');
/*!40000 ALTER TABLE `friendship` ENABLE KEYS */;
UNLOCK TABLES;

--
-- Table structure for table `friendship_statuses`
--

DROP TABLE IF EXISTS `friendship_statuses`;
/*!40101 SET @saved_cs_client     = @@character_set_client */;
/*!50503 SET character_set_client = utf8mb4 */;
CREATE TABLE `friendship_statuses` (
  `id` int unsigned NOT NULL AUTO_INCREMENT,
  `name` varchar(150) NOT NULL,
  PRIMARY KEY (`id`),
  UNIQUE KEY `name` (`name`)
) ENGINE=InnoDB AUTO_INCREMENT=5 DEFAULT CHARSET=utf8mb4 COLLATE=utf8mb4_0900_ai_ci;
/*!40101 SET character_set_client = @saved_cs_client */;

--
-- Dumping data for table `friendship_statuses`
--

LOCK TABLES `friendship_statuses` WRITE;
/*!40000 ALTER TABLE `friendship_statuses` DISABLE KEYS */;
INSERT INTO `friendship_statuses` VALUES (3,' confirmed'),(2,'none'),(1,'rejected'),(4,'requested');
/*!40000 ALTER TABLE `friendship_statuses` ENABLE KEYS */;
UNLOCK TABLES;

--
-- Table structure for table `likes`
--

DROP TABLE IF EXISTS `likes`;
/*!40101 SET @saved_cs_client     = @@character_set_client */;
/*!50503 SET character_set_client = utf8mb4 */;
CREATE TABLE `likes` (
  `id` int unsigned NOT NULL AUTO_INCREMENT,
  `user_id` int unsigned NOT NULL,
  `target_id` int unsigned NOT NULL,
  `target_type_id` int unsigned NOT NULL,
  `created_at` datetime DEFAULT CURRENT_TIMESTAMP,
  PRIMARY KEY (`id`)
) ENGINE=InnoDB AUTO_INCREMENT=101 DEFAULT CHARSET=utf8mb4 COLLATE=utf8mb4_0900_ai_ci;
/*!40101 SET character_set_client = @saved_cs_client */;

--
-- Dumping data for table `likes`
--

LOCK TABLES `likes` WRITE;
/*!40000 ALTER TABLE `likes` DISABLE KEYS */;
INSERT INTO `likes` VALUES (1,100,28,2,'2020-05-22 20:27:59'),(2,86,88,4,'2020-05-22 20:27:59'),(3,4,63,1,'2020-05-22 20:27:59'),(4,72,77,3,'2020-05-22 20:27:59'),(5,80,91,1,'2020-05-22 20:27:59'),(6,81,46,4,'2020-05-22 20:27:59'),(7,10,67,1,'2020-05-22 20:27:59'),(8,90,10,4,'2020-05-22 20:27:59'),(9,85,42,3,'2020-05-22 20:27:59'),(10,6,9,2,'2020-05-22 20:27:59'),(11,83,87,4,'2020-05-22 20:27:59'),(12,15,94,2,'2020-05-22 20:27:59'),(13,27,18,1,'2020-05-22 20:27:59'),(14,54,45,3,'2020-05-22 20:27:59'),(15,87,78,2,'2020-05-22 20:27:59'),(16,64,94,4,'2020-05-22 20:27:59'),(17,83,55,2,'2020-05-22 20:27:59'),(18,93,8,3,'2020-05-22 20:27:59'),(19,82,20,3,'2020-05-22 20:27:59'),(20,36,73,3,'2020-05-22 20:27:59'),(21,19,91,4,'2020-05-22 20:27:59'),(22,88,50,4,'2020-05-22 20:27:59'),(23,79,27,4,'2020-05-22 20:27:59'),(24,94,11,3,'2020-05-22 20:27:59'),(25,22,97,1,'2020-05-22 20:27:59'),(26,21,25,3,'2020-05-22 20:27:59'),(27,8,28,1,'2020-05-22 20:27:59'),(28,40,41,4,'2020-05-22 20:27:59'),(29,41,85,1,'2020-05-22 20:27:59'),(30,22,66,3,'2020-05-22 20:27:59'),(31,70,7,2,'2020-05-22 20:27:59'),(32,59,7,3,'2020-05-22 20:27:59'),(33,63,62,1,'2020-05-22 20:27:59'),(34,13,71,1,'2020-05-22 20:27:59'),(35,100,49,2,'2020-05-22 20:27:59'),(36,57,18,1,'2020-05-22 20:27:59'),(37,17,99,2,'2020-05-22 20:27:59'),(38,71,78,4,'2020-05-22 20:27:59'),(39,2,31,2,'2020-05-22 20:27:59'),(40,96,72,3,'2020-05-22 20:27:59'),(41,26,98,1,'2020-05-22 20:27:59'),(42,3,35,3,'2020-05-22 20:27:59'),(43,84,11,1,'2020-05-22 20:27:59'),(44,70,21,4,'2020-05-22 20:27:59'),(45,37,7,1,'2020-05-22 20:27:59'),(46,72,13,2,'2020-05-22 20:27:59'),(47,29,86,2,'2020-05-22 20:27:59'),(48,80,20,3,'2020-05-22 20:27:59'),(49,89,17,1,'2020-05-22 20:27:59'),(50,63,65,2,'2020-05-22 20:27:59'),(51,1,48,2,'2020-05-22 20:27:59'),(52,88,91,4,'2020-05-22 20:27:59'),(53,63,44,2,'2020-05-22 20:27:59'),(54,55,90,4,'2020-05-22 20:27:59'),(55,98,47,2,'2020-05-22 20:27:59'),(56,30,65,2,'2020-05-22 20:27:59'),(57,70,99,4,'2020-05-22 20:27:59'),(58,9,25,4,'2020-05-22 20:27:59'),(59,71,16,3,'2020-05-22 20:27:59'),(60,40,76,3,'2020-05-22 20:27:59'),(61,46,63,4,'2020-05-22 20:27:59'),(62,2,73,3,'2020-05-22 20:27:59'),(63,1,92,3,'2020-05-22 20:27:59'),(64,62,99,1,'2020-05-22 20:27:59'),(65,38,85,1,'2020-05-22 20:27:59'),(66,37,66,1,'2020-05-22 20:27:59'),(67,10,62,4,'2020-05-22 20:27:59'),(68,20,7,3,'2020-05-22 20:27:59'),(69,41,62,4,'2020-05-22 20:27:59'),(70,100,5,1,'2020-05-22 20:27:59'),(71,73,80,4,'2020-05-22 20:27:59'),(72,25,27,3,'2020-05-22 20:27:59'),(73,52,71,4,'2020-05-22 20:27:59'),(74,75,83,4,'2020-05-22 20:27:59'),(75,8,5,1,'2020-05-22 20:27:59'),(76,90,22,2,'2020-05-22 20:27:59'),(77,33,16,4,'2020-05-22 20:27:59'),(78,80,92,1,'2020-05-22 20:27:59'),(79,88,60,2,'2020-05-22 20:27:59'),(80,15,83,3,'2020-05-22 20:27:59'),(81,46,1,3,'2020-05-22 20:27:59'),(82,85,63,3,'2020-05-22 20:27:59'),(83,80,96,2,'2020-05-22 20:27:59'),(84,45,9,1,'2020-05-22 20:27:59'),(85,67,98,4,'2020-05-22 20:27:59'),(86,6,38,3,'2020-05-22 20:27:59'),(87,31,63,1,'2020-05-22 20:27:59'),(88,8,36,3,'2020-05-22 20:27:59'),(89,47,72,1,'2020-05-22 20:27:59'),(90,30,79,1,'2020-05-22 20:27:59'),(91,58,43,2,'2020-05-22 20:27:59'),(92,17,29,4,'2020-05-22 20:27:59'),(93,60,39,1,'2020-05-22 20:27:59'),(94,92,97,1,'2020-05-22 20:27:59'),(95,88,39,2,'2020-05-22 20:27:59'),(96,24,87,3,'2020-05-22 20:27:59'),(97,49,95,2,'2020-05-22 20:27:59'),(98,37,76,3,'2020-05-22 20:27:59'),(99,64,56,4,'2020-05-22 20:27:59'),(100,71,67,1,'2020-05-22 20:27:59');
/*!40000 ALTER TABLE `likes` ENABLE KEYS */;
UNLOCK TABLES;

--
-- Table structure for table `media`
--

DROP TABLE IF EXISTS `media`;
/*!40101 SET @saved_cs_client     = @@character_set_client */;
/*!50503 SET character_set_client = utf8mb4 */;
CREATE TABLE `media` (
  `id` int unsigned NOT NULL AUTO_INCREMENT,
  `user_id` int unsigned NOT NULL,
  `filename` varchar(255) NOT NULL,
  `size` int NOT NULL,
  `metadata` json DEFAULT NULL,
  `media_type_id` int unsigned NOT NULL,
  `created_at` datetime DEFAULT CURRENT_TIMESTAMP,
  `updated_at` datetime DEFAULT CURRENT_TIMESTAMP ON UPDATE CURRENT_TIMESTAMP,
  PRIMARY KEY (`id`),
  KEY `media_media_type_id_fk` (`media_type_id`),
  KEY `media_user_id_fk` (`user_id`),
  CONSTRAINT `media_media_type_id_fk` FOREIGN KEY (`media_type_id`) REFERENCES `media_types` (`id`) ON DELETE CASCADE,
  CONSTRAINT `media_user_id_fk` FOREIGN KEY (`user_id`) REFERENCES `users` (`id`) ON DELETE CASCADE
) ENGINE=InnoDB AUTO_INCREMENT=101 DEFAULT CHARSET=utf8mb4 COLLATE=utf8mb4_0900_ai_ci;
/*!40101 SET character_set_client = @saved_cs_client */;

--
-- Dumping data for table `media`
--

LOCK TABLES `media` WRITE;
/*!40000 ALTER TABLE `media` DISABLE KEYS */;
INSERT INTO `media` VALUES (1,23,'https://dropbox/vk/eveniet.jpeg',6,'{\"owner\": \"Richie Breitenberg\"}',3,'1991-03-02 03:17:08','2020-05-20 16:11:23'),(2,90,'https://dropbox/vk/ut.jpeg',134760026,'{\"owner\": \"Euna Rath\"}',1,'2007-12-26 18:06:50','2020-05-20 16:11:23'),(3,90,'https://dropbox/vk/itaque.jpeg',0,'{\"owner\": \"Euna Rath\"}',1,'2018-12-01 12:32:59','2020-05-20 16:11:23'),(4,10,'https://dropbox/vk/saepe.jpeg',0,'{\"owner\": \"Shane Hauck\"}',3,'2013-12-30 07:27:17','2020-05-20 16:11:23'),(5,33,'https://dropbox/vk/ut.png',935824,'{\"owner\": \"Kacey Christiansen\"}',2,'2000-10-17 03:18:11','2020-05-20 16:11:23'),(6,23,'https://dropbox/vk/beatae.png',6904,'{\"owner\": \"Richie Breitenberg\"}',2,'1985-06-20 06:06:37','2020-05-20 16:11:23'),(7,75,'https://dropbox/vk/accusamus.avi',4,'{\"owner\": \"Brandyn Leuschke\"}',4,'2013-06-21 03:13:20','2020-05-20 16:11:23'),(8,6,'https://dropbox/vk/necessitatibus.jpeg',42651026,'{\"owner\": \"Guy Weber\"}',4,'1991-07-07 04:55:59','2020-05-20 16:11:23'),(9,92,'https://dropbox/vk/molestiae.png',7417,'{\"owner\": \"Rahul Nikolaus\"}',2,'2015-08-25 01:06:22','2020-05-20 16:11:23'),(10,54,'https://dropbox/vk/eligendi.avi',56949,'{\"owner\": \"Yadira Jast\"}',4,'1974-03-22 05:08:02','2020-05-20 16:11:23'),(11,34,'https://dropbox/vk/dolores.mpeg',0,'{\"owner\": \"Isadore Schuster\"}',1,'1982-04-05 11:32:11','2020-05-20 16:11:23'),(12,64,'https://dropbox/vk/ipsa.mpeg',90,'{\"owner\": \"Ruby Simonis\"}',1,'1973-05-07 06:12:27','2020-05-20 16:11:23'),(13,29,'https://dropbox/vk/nemo.avi',89781,'{\"owner\": \"Nicolette Brown\"}',1,'2004-02-06 04:31:30','2020-05-20 16:11:23'),(14,49,'https://dropbox/vk/quasi.png',0,'{\"owner\": \"Marianne Lockman\"}',2,'2018-11-18 07:31:51','2020-05-20 16:11:23'),(15,23,'https://dropbox/vk/id.png',9,'{\"owner\": \"Richie Breitenberg\"}',4,'2014-04-04 11:24:52','2020-05-20 16:11:23'),(16,56,'https://dropbox/vk/aspernatur.png',7,'{\"owner\": \"Destin Koss\"}',3,'1980-11-30 06:56:42','2020-05-20 16:11:23'),(17,58,'https://dropbox/vk/doloribus.avi',594446,'{\"owner\": \"Adolf Torp\"}',3,'1994-06-12 15:25:22','2020-05-20 16:11:23'),(18,72,'https://dropbox/vk/similique.mpeg',17,'{\"owner\": \"Brody Friesen\"}',3,'2015-01-15 07:21:21','2020-05-20 16:11:23'),(19,8,'https://dropbox/vk/est.mpeg',76338,'{\"owner\": \"Audrey Kohler\"}',4,'1981-12-09 09:51:03','2020-05-20 16:11:23'),(20,72,'https://dropbox/vk/et.png',833,'{\"owner\": \"Brody Friesen\"}',4,'1996-09-04 01:50:10','2020-05-20 16:11:23'),(21,6,'https://dropbox/vk/aspernatur.avi',698,'{\"owner\": \"Guy Weber\"}',3,'1986-06-13 04:48:36','2020-05-20 16:11:23'),(22,100,'https://dropbox/vk/est.png',283,'{\"owner\": \"Keyshawn Cassin\"}',3,'1985-01-10 15:48:16','2020-05-20 16:11:23'),(23,60,'https://dropbox/vk/maxime.jpeg',270734967,'{\"owner\": \"Amari Jacobs\"}',1,'2011-02-05 11:40:11','2020-05-20 16:11:23'),(24,74,'https://dropbox/vk/est.mpeg',98106540,'{\"owner\": \"Rashawn Bahringer\"}',4,'1973-11-04 22:39:34','2020-05-20 16:11:23'),(25,57,'https://dropbox/vk/voluptatibus.mpeg',45758080,'{\"owner\": \"Etha Fay\"}',4,'2013-01-08 00:59:54','2020-05-20 16:11:23'),(26,22,'https://dropbox/vk/similique.png',97097,'{\"owner\": \"Alberta Prosacco\"}',1,'2006-07-02 10:02:51','2020-05-20 16:11:23'),(27,81,'https://dropbox/vk/et.avi',85359,'{\"owner\": \"Brock Smith\"}',4,'1993-05-08 19:04:24','2020-05-20 16:11:23'),(28,42,'https://dropbox/vk/officiis.png',9966352,'{\"owner\": \"Haven Gutmann\"}',2,'2016-09-18 00:40:46','2020-05-20 16:11:23'),(29,30,'https://dropbox/vk/sed.avi',65373501,'{\"owner\": \"Arch Fisher\"}',3,'1978-01-14 17:06:40','2020-05-20 16:11:23'),(30,71,'https://dropbox/vk/eos.mpeg',35221,'{\"owner\": \"Keenan Predovic\"}',4,'2009-12-11 02:10:49','2020-05-20 16:11:23'),(31,5,'https://dropbox/vk/placeat.png',766982,'{\"owner\": \"Emmalee Kub\"}',1,'1982-03-24 22:41:24','2020-05-20 16:11:23'),(32,16,'https://dropbox/vk/sed.jpeg',34749,'{\"owner\": \"Emmie Moen\"}',2,'2007-04-13 14:02:46','2020-05-20 16:11:23'),(33,41,'https://dropbox/vk/hic.mpeg',8176090,'{\"owner\": \"Modesta Olson\"}',4,'2013-03-22 23:45:20','2020-05-20 16:11:23'),(34,14,'https://dropbox/vk/mollitia.mpeg',4,'{\"owner\": \"Donnie Kub\"}',1,'2010-08-03 01:28:55','2020-05-20 16:11:23'),(35,9,'https://dropbox/vk/dignissimos.avi',6515,'{\"owner\": \"Myrtis Hauck\"}',2,'1994-08-17 02:31:22','2020-05-20 16:11:23'),(36,33,'https://dropbox/vk/dolores.avi',839323,'{\"owner\": \"Kacey Christiansen\"}',1,'1990-05-20 23:07:42','2020-05-20 16:11:23'),(37,41,'https://dropbox/vk/eveniet.avi',493485715,'{\"owner\": \"Modesta Olson\"}',3,'2013-01-18 11:34:56','2020-05-20 16:11:23'),(38,27,'https://dropbox/vk/consequatur.png',34,'{\"owner\": \"Rhett Ankunding\"}',3,'1982-11-18 05:55:57','2020-05-20 16:11:23'),(39,8,'https://dropbox/vk/corporis.png',12196,'{\"owner\": \"Audrey Kohler\"}',3,'2014-08-18 05:43:57','2020-05-20 16:11:23'),(40,84,'https://dropbox/vk/aut.avi',3032775,'{\"owner\": \"Minerva Torphy\"}',3,'2006-10-22 11:33:50','2020-05-20 16:11:23'),(41,64,'https://dropbox/vk/repellat.avi',392232,'{\"owner\": \"Ruby Simonis\"}',2,'2008-09-05 04:37:13','2020-05-20 16:11:23'),(42,72,'https://dropbox/vk/repudiandae.avi',5,'{\"owner\": \"Brody Friesen\"}',2,'1989-11-21 03:24:25','2020-05-20 16:11:23'),(43,87,'https://dropbox/vk/quod.avi',650210346,'{\"owner\": \"Darlene Abbott\"}',3,'1987-12-02 18:26:31','2020-05-20 16:11:23'),(44,84,'https://dropbox/vk/doloribus.jpeg',172,'{\"owner\": \"Minerva Torphy\"}',2,'2003-06-26 12:29:51','2020-05-20 16:11:23'),(45,9,'https://dropbox/vk/debitis.png',97926,'{\"owner\": \"Myrtis Hauck\"}',1,'1990-12-23 14:33:20','2020-05-20 16:11:23'),(46,63,'https://dropbox/vk/et.jpeg',555273,'{\"owner\": \"Collin Dibbert\"}',4,'1999-10-16 00:26:30','2020-05-20 16:11:23'),(47,2,'https://dropbox/vk/eius.png',76708495,'{\"owner\": \"Linda Brown\"}',4,'1996-04-26 18:39:21','2020-05-20 16:11:23'),(48,35,'https://dropbox/vk/sed.mpeg',760008367,'{\"owner\": \"Aileen Kulas\"}',2,'1971-07-23 23:56:08','2020-05-20 16:11:23'),(49,19,'https://dropbox/vk/beatae.png',52,'{\"owner\": \"Mortimer Kautzer\"}',3,'1972-05-04 16:53:01','2020-05-20 16:11:23'),(50,65,'https://dropbox/vk/delectus.avi',7,'{\"owner\": \"Nicola Bernhard\"}',3,'2007-09-18 19:20:32','2020-05-20 16:11:23'),(51,70,'https://dropbox/vk/qui.jpeg',71135,'{\"owner\": \"Kenyatta Schneider\"}',2,'1989-09-19 15:40:54','2020-05-20 16:11:23'),(52,37,'https://dropbox/vk/natus.mpeg',1236,'{\"owner\": \"Jaydon Fay\"}',1,'2020-05-14 22:20:24','2020-05-20 16:11:23'),(53,30,'https://dropbox/vk/doloremque.jpeg',83620069,'{\"owner\": \"Arch Fisher\"}',1,'1999-05-19 03:26:25','2020-05-20 16:11:23'),(54,86,'https://dropbox/vk/quia.mpeg',739315,'{\"owner\": \"Gilberto Dare\"}',2,'2017-03-05 15:41:16','2020-05-20 16:11:23'),(55,76,'https://dropbox/vk/blanditiis.png',60648704,'{\"owner\": \"Janie Zieme\"}',4,'2008-09-06 17:07:00','2020-05-20 16:11:23'),(56,39,'https://dropbox/vk/maiores.avi',471,'{\"owner\": \"Hans Bogan\"}',2,'2017-04-15 02:46:10','2020-05-20 16:11:23'),(57,71,'https://dropbox/vk/voluptas.jpeg',799,'{\"owner\": \"Keenan Predovic\"}',3,'1988-04-27 01:42:47','2020-05-20 16:11:23'),(58,6,'https://dropbox/vk/ut.png',301455439,'{\"owner\": \"Guy Weber\"}',1,'2020-02-24 09:30:32','2020-05-20 16:11:23'),(59,52,'https://dropbox/vk/voluptatem.png',91,'{\"owner\": \"Emmitt Harvey\"}',3,'1981-01-16 00:15:37','2020-05-20 16:11:23'),(60,58,'https://dropbox/vk/sed.png',570343751,'{\"owner\": \"Adolf Torp\"}',2,'2012-08-17 15:03:10','2020-05-20 16:11:23'),(61,57,'https://dropbox/vk/ratione.mpeg',37222,'{\"owner\": \"Etha Fay\"}',4,'1978-09-25 07:37:40','2020-05-20 16:11:23'),(62,70,'https://dropbox/vk/officia.jpeg',7788,'{\"owner\": \"Kenyatta Schneider\"}',3,'2017-09-14 19:31:17','2020-05-20 16:11:23'),(63,82,'https://dropbox/vk/quod.mpeg',142003,'{\"owner\": \"Kristin Konopelski\"}',3,'1985-03-18 01:27:01','2020-05-20 16:11:23'),(64,15,'https://dropbox/vk/dolorem.jpeg',0,'{\"owner\": \"Cynthia Terry\"}',3,'1984-03-07 19:17:26','2020-05-20 16:11:23'),(65,46,'https://dropbox/vk/doloribus.mpeg',804,'{\"owner\": \"Cheyenne Schimmel\"}',3,'1984-03-17 08:09:18','2020-05-20 16:11:23'),(66,3,'https://dropbox/vk/quis.mpeg',295059469,'{\"owner\": \"Jed Kuphal\"}',1,'1995-06-06 00:14:41','2020-05-20 16:11:23'),(67,100,'https://dropbox/vk/dicta.avi',0,'{\"owner\": \"Keyshawn Cassin\"}',2,'2005-03-08 05:22:32','2020-05-20 16:11:23'),(68,93,'https://dropbox/vk/et.avi',854,'{\"owner\": \"Milton Huels\"}',2,'1998-01-12 00:02:03','2020-05-20 16:11:23'),(69,50,'https://dropbox/vk/itaque.jpeg',5843,'{\"owner\": \"Alvis Haag\"}',1,'2011-02-02 05:25:47','2020-05-20 16:11:23'),(70,20,'https://dropbox/vk/rerum.mpeg',91747,'{\"owner\": \"Branson Douglas\"}',2,'1970-10-15 07:04:27','2020-05-20 16:11:23'),(71,34,'https://dropbox/vk/ducimus.jpeg',243,'{\"owner\": \"Isadore Schuster\"}',4,'1982-06-26 07:39:35','2020-05-20 16:11:23'),(72,34,'https://dropbox/vk/autem.avi',0,'{\"owner\": \"Isadore Schuster\"}',3,'1991-03-13 19:52:27','2020-05-20 16:11:23'),(73,48,'https://dropbox/vk/esse.mpeg',496272,'{\"owner\": \"Alf Deckow\"}',4,'2007-09-26 03:49:36','2020-05-20 16:11:23'),(74,17,'https://dropbox/vk/et.jpeg',215322,'{\"owner\": \"Einar Grady\"}',1,'1980-04-16 23:57:18','2020-05-20 16:11:23'),(75,77,'https://dropbox/vk/facilis.avi',17699433,'{\"owner\": \"Cary Little\"}',4,'2012-05-07 11:27:04','2020-05-20 16:11:23'),(76,2,'https://dropbox/vk/iure.jpeg',6306319,'{\"owner\": \"Linda Brown\"}',3,'1996-04-22 14:17:25','2020-05-20 16:11:23'),(77,4,'https://dropbox/vk/ut.jpeg',1950,'{\"owner\": \"Constantin Quitzon\"}',3,'1973-04-11 22:16:34','2020-05-20 16:11:23'),(78,28,'https://dropbox/vk/rerum.png',4025,'{\"owner\": \"Kyra McCullough\"}',1,'1979-08-25 05:16:20','2020-05-20 16:11:23'),(79,4,'https://dropbox/vk/eum.jpeg',4,'{\"owner\": \"Constantin Quitzon\"}',1,'1986-07-15 04:42:48','2020-05-20 16:11:23'),(80,52,'https://dropbox/vk/illo.png',4,'{\"owner\": \"Emmitt Harvey\"}',3,'1977-04-15 18:16:23','2020-05-20 16:11:23'),(81,73,'https://dropbox/vk/qui.avi',678,'{\"owner\": \"Floy Erdman\"}',2,'2014-05-09 11:19:21','2020-05-20 16:11:23'),(82,55,'https://dropbox/vk/ut.jpeg',75687,'{\"owner\": \"Gregg DuBuque\"}',1,'2009-04-03 13:41:30','2020-05-20 16:11:23'),(83,44,'https://dropbox/vk/impedit.mpeg',0,'{\"owner\": \"Casimer Schmitt\"}',4,'2014-07-16 04:53:42','2020-05-20 16:11:23'),(84,18,'https://dropbox/vk/et.jpeg',679943267,'{\"owner\": \"Cayla Goodwin\"}',1,'2004-09-21 13:14:13','2020-05-20 16:11:23'),(85,89,'https://dropbox/vk/sint.jpeg',198496,'{\"owner\": \"Shad Powlowski\"}',1,'1979-05-29 00:43:25','2020-05-20 16:11:23'),(86,45,'https://dropbox/vk/fugiat.avi',78381170,'{\"owner\": \"Carolyne Keeling\"}',4,'1985-08-27 09:52:17','2020-05-20 16:11:23'),(87,39,'https://dropbox/vk/nemo.jpeg',2888716,'{\"owner\": \"Hans Bogan\"}',3,'1986-11-29 10:41:40','2020-05-20 16:11:23'),(88,74,'https://dropbox/vk/qui.jpeg',9959669,'{\"owner\": \"Rashawn Bahringer\"}',4,'1979-08-05 04:31:33','2020-05-20 16:11:23'),(89,96,'https://dropbox/vk/eligendi.png',0,'{\"owner\": \"Khalid Greenholt\"}',3,'1997-01-22 09:33:05','2020-05-20 16:11:23'),(90,70,'https://dropbox/vk/voluptatem.avi',33729368,'{\"owner\": \"Kenyatta Schneider\"}',1,'2007-09-11 10:41:09','2020-05-20 16:11:23'),(91,14,'https://dropbox/vk/minima.jpeg',88931,'{\"owner\": \"Donnie Kub\"}',2,'1999-02-25 13:03:45','2020-05-20 16:11:23'),(92,30,'https://dropbox/vk/cumque.avi',1301,'{\"owner\": \"Arch Fisher\"}',4,'2004-02-10 02:15:06','2020-05-20 16:11:23'),(93,14,'https://dropbox/vk/amet.mpeg',575573810,'{\"owner\": \"Donnie Kub\"}',4,'1974-05-10 07:55:51','2020-05-20 16:11:23'),(94,87,'https://dropbox/vk/perspiciatis.mpeg',637252446,'{\"owner\": \"Darlene Abbott\"}',2,'1988-11-29 21:53:22','2020-05-20 16:11:23'),(95,81,'https://dropbox/vk/voluptatibus.mpeg',5956662,'{\"owner\": \"Brock Smith\"}',3,'2004-01-08 20:24:45','2020-05-20 16:11:23'),(96,74,'https://dropbox/vk/aperiam.jpeg',944551,'{\"owner\": \"Rashawn Bahringer\"}',4,'2010-07-12 04:25:01','2020-05-20 16:11:23'),(97,87,'https://dropbox/vk/minima.png',120,'{\"owner\": \"Darlene Abbott\"}',2,'2019-05-03 19:06:45','2020-05-20 16:11:23'),(98,10,'https://dropbox/vk/non.jpeg',6032,'{\"owner\": \"Shane Hauck\"}',2,'2004-05-28 10:07:32','2020-05-20 16:11:23'),(99,89,'https://dropbox/vk/id.mpeg',371,'{\"owner\": \"Shad Powlowski\"}',4,'1992-12-28 10:14:33','2020-05-20 16:11:23'),(100,95,'https://dropbox/vk/ut.jpeg',69094,'{\"owner\": \"Wyman Roberts\"}',4,'1996-09-04 17:02:58','2020-05-20 16:11:23');
/*!40000 ALTER TABLE `media` ENABLE KEYS */;
UNLOCK TABLES;

--
-- Table structure for table `media_types`
--

DROP TABLE IF EXISTS `media_types`;
/*!40101 SET @saved_cs_client     = @@character_set_client */;
/*!50503 SET character_set_client = utf8mb4 */;
CREATE TABLE `media_types` (
  `id` int unsigned NOT NULL AUTO_INCREMENT,
  `name` varchar(255) NOT NULL,
  PRIMARY KEY (`id`),
  UNIQUE KEY `name` (`name`)
) ENGINE=InnoDB AUTO_INCREMENT=5 DEFAULT CHARSET=utf8mb4 COLLATE=utf8mb4_0900_ai_ci;
/*!40101 SET character_set_client = @saved_cs_client */;

--
-- Dumping data for table `media_types`
--

LOCK TABLES `media_types` WRITE;
/*!40000 ALTER TABLE `media_types` DISABLE KEYS */;
INSERT INTO `media_types` VALUES (3,'audio'),(4,'other'),(1,'photo'),(2,'video');
/*!40000 ALTER TABLE `media_types` ENABLE KEYS */;
UNLOCK TABLES;

--
-- Table structure for table `messages`
--

DROP TABLE IF EXISTS `messages`;
/*!40101 SET @saved_cs_client     = @@character_set_client */;
/*!50503 SET character_set_client = utf8mb4 */;
CREATE TABLE `messages` (
  `id` int unsigned NOT NULL AUTO_INCREMENT,
  `from_user_id` int unsigned NOT NULL,
  `to_user_id` int unsigned NOT NULL,
  `body` text NOT NULL,
  `is_important` tinyint(1) DEFAULT NULL,
  `is_delivered` tinyint(1) DEFAULT NULL,
  `created_at` datetime DEFAULT CURRENT_TIMESTAMP,
  PRIMARY KEY (`id`),
  KEY `messages_from_user_id_fk` (`from_user_id`),
  KEY `messages_to_user_id_fk` (`to_user_id`),
  CONSTRAINT `messages_from_user_id_fk` FOREIGN KEY (`from_user_id`) REFERENCES `users` (`id`) ON DELETE CASCADE,
  CONSTRAINT `messages_to_user_id_fk` FOREIGN KEY (`to_user_id`) REFERENCES `users` (`id`) ON DELETE CASCADE
) ENGINE=InnoDB AUTO_INCREMENT=101 DEFAULT CHARSET=utf8mb4 COLLATE=utf8mb4_0900_ai_ci;
/*!40101 SET character_set_client = @saved_cs_client */;

--
-- Dumping data for table `messages`
--

LOCK TABLES `messages` WRITE;
/*!40000 ALTER TABLE `messages` DISABLE KEYS */;
INSERT INTO `messages` VALUES (1,62,68,'Animi quis vel dolorum et nemo ipsa. Recusandae officiis illum quas ea. Dolorum dolorum reprehenderit dignissimos laborum veritatis harum.',0,0,'1972-12-06 08:30:35'),(2,87,35,'In deleniti officiis ea ab tempore. Omnis ad quasi ipsum quis similique cum. Ad eum expedita et in.',0,0,'2013-07-12 18:18:11'),(3,7,33,'Harum suscipit vel voluptatem eos aut. Tempore temporibus molestiae porro dolor in in. Soluta molestiae consequatur similique.',0,1,'1994-03-23 04:25:28'),(4,26,17,'Magnam ullam rerum et debitis voluptatum. Quia modi quisquam eum ducimus tempora veritatis non. Voluptas aut numquam quaerat atque.',0,0,'1999-10-22 20:35:56'),(5,12,42,'Quae explicabo et aut sint repudiandae et expedita. Aut reiciendis ullam quis eos deserunt aut.',0,1,'2010-05-18 02:27:01'),(6,44,34,'Est vel sit vero. Voluptatum sit ipsam ut repellendus est optio.',0,0,'1989-06-11 12:40:14'),(7,82,88,'Delectus illo veritatis cum dolores nemo excepturi quis. Nulla dolorem itaque quia illum ratione officia architecto. Aut sit laudantium et sunt ipsam ducimus.',1,0,'2004-10-15 23:25:38'),(8,12,29,'In neque eius ratione eius doloremque magni suscipit. Accusantium molestiae magnam dolorem hic voluptatum labore nam sed. Repellendus quibusdam non eum voluptatem enim.',1,0,'2010-10-13 13:07:52'),(9,6,29,'Ut laboriosam harum ipsum at qui ut. Rerum maxime sint asperiores quis. Repellat consequatur harum non deleniti. Aut quisquam et sed aut sunt.',0,1,'2002-11-27 18:08:34'),(10,81,27,'Pariatur et sequi sint deserunt repellendus et porro sunt. Ducimus est doloribus dolorum nostrum. Enim voluptas dolor dolorum ex quia.',1,1,'2003-07-20 10:14:51'),(11,93,88,'Aut fugit enim explicabo rerum omnis doloremque. A perspiciatis aut accusantium ab deserunt id. Voluptatibus velit dolorem ut et nostrum ratione.',1,0,'1988-12-22 22:56:42'),(12,52,32,'Quia consectetur ex sint laudantium ut autem rerum. Est et quia assumenda eos voluptatem. Libero adipisci eaque et voluptas ut iusto id.',1,1,'2020-02-08 19:35:25'),(13,20,24,'Recusandae natus ullam rerum laboriosam officia saepe. Dolor est hic molestiae ut voluptate enim. Suscipit voluptas sint eaque velit ipsa omnis. Et vero cupiditate magni velit.',0,0,'1982-07-18 19:59:30'),(14,98,46,'Voluptatem aut qui ut sint officiis temporibus non. Impedit quis quidem aut reiciendis amet itaque atque. Accusantium sit qui ut unde.',0,1,'1990-06-29 10:10:08'),(15,45,8,'Reprehenderit doloremque fugiat fugit est dolorum iure itaque. Explicabo cumque tenetur odit autem consequuntur tempore aut. Est voluptatem numquam est quo non. Et ipsum aliquam natus facere.',0,1,'2019-10-26 07:18:48'),(16,78,6,'Eligendi odit quia qui deleniti libero totam. Numquam tempore deleniti beatae eum cumque eos libero. Voluptatem tenetur alias aperiam dolorem.',1,1,'1990-10-04 00:49:20'),(17,76,65,'Sed ut nulla eum eligendi est velit voluptas. Officiis ut adipisci consequatur incidunt. Est est est vero cupiditate est eos.',1,1,'1973-05-23 14:50:51'),(18,40,83,'Natus ut quis et doloremque sit nesciunt nam. Vero vel voluptatem sapiente hic. Ut vitae rerum consequatur est animi asperiores. Doloremque doloremque et est veniam.',1,0,'1983-03-20 21:50:27'),(19,98,66,'Aut non dolore quia quos error. Quidem labore consequatur eveniet sit id. Laborum et rem nam ipsa est.',0,1,'1983-12-17 02:52:20'),(20,100,9,'Sed laborum nihil recusandae possimus. Ex consectetur ut odit quae natus perferendis. Sed eum sint aut vel et distinctio voluptas. Occaecati ratione blanditiis quam dolore quam.',1,1,'2017-08-26 20:17:42'),(21,7,43,'Nulla iste unde id et. Ut sint quam distinctio quasi consequuntur. Facilis officia molestiae magni sed ut animi. Dolorem a reiciendis reprehenderit illo vel.',1,1,'1983-10-03 07:14:12'),(22,42,89,'Eos praesentium sed quisquam inventore. Sunt fugiat blanditiis atque quia est. Maiores iste dolorem ipsum est natus maiores rem. Alias nisi reiciendis dolore assumenda illum nisi consequatur ut.',0,0,'1987-03-12 23:13:13'),(23,31,54,'Hic earum dolorem consequuntur consectetur et. Ut aut provident et quibusdam nisi sapiente omnis. Modi accusamus sit laudantium laborum dolores earum. A reprehenderit quod ut sunt sequi. Aut perspiciatis rerum laboriosam maiores a consequatur.',1,1,'2009-07-19 17:15:39'),(24,18,37,'Blanditiis fugit enim illum sed eius iste. Quam et veritatis eum veniam est voluptate cum voluptatibus. Enim et modi sint enim aspernatur consectetur qui. Nostrum inventore accusamus qui aperiam eum vel.',0,1,'2008-08-12 08:32:27'),(25,82,98,'Error consectetur sunt enim laudantium. Mollitia porro blanditiis voluptas sed et rerum.',1,1,'2018-09-01 01:51:01'),(26,63,75,'Non rerum error quis. Quisquam reprehenderit nihil amet quia corporis sed. Nesciunt aut ratione omnis debitis est in qui.',1,1,'1990-02-13 14:54:08'),(27,86,15,'Voluptatem sit ad cumque fugit earum. Unde animi molestiae enim corporis voluptas rem quae. Laborum consequatur saepe aut expedita beatae et in. Animi ut et quia quis quaerat magni.',1,1,'1998-01-25 08:32:47'),(28,6,5,'Consequatur blanditiis consectetur ad ea qui nesciunt expedita. Ut dolorum ut consequatur expedita repellendus. Dolorem ut illum in assumenda ea.',0,0,'2014-05-25 22:15:03'),(29,39,4,'Harum corrupti amet et quo. Et aut id eum sit aut. Libero quia voluptatum totam.',0,0,'2009-09-07 03:31:49'),(30,51,83,'Ea dignissimos voluptatem corrupti nihil qui. Officiis ducimus laboriosam odit dolorem earum a esse. Eius recusandae nostrum ex natus inventore consectetur sequi.',1,0,'1993-02-23 06:32:45'),(31,12,29,'Dolorem illum debitis a qui error. Voluptas quis eum nisi non et nam. Tempora error nostrum animi at saepe.',1,0,'1988-10-08 10:35:23'),(32,88,88,'Omnis minima nostrum fugit tempore voluptatibus quo. Eum perspiciatis suscipit aut velit. Non aut alias nihil recusandae repellat.',0,0,'2006-05-23 18:38:29'),(33,93,28,'Quae est dolor nisi. Aliquid dolores optio molestias sed aut. Quisquam commodi laudantium facilis consequatur rerum voluptatem adipisci. Vitae quia provident dolorum minus eveniet et et.',0,0,'1976-04-24 13:20:21'),(34,70,91,'Repellat numquam adipisci repudiandae non. Odio reiciendis nihil et consectetur autem consectetur. Accusamus ullam illo nemo asperiores voluptatibus incidunt quam harum.',1,1,'2010-07-23 04:18:07'),(35,93,70,'Dolorum ex aut autem officia libero. Soluta iusto ex omnis aliquid dolorum et consequuntur. Sunt illo aspernatur doloribus voluptatum culpa numquam. Assumenda aut quibusdam minus non.',0,0,'2009-12-28 06:49:43'),(36,100,100,'Ut nulla quos minima possimus impedit aut. Iure qui assumenda velit aperiam eaque distinctio. Quod quo exercitationem eius ducimus velit tempore. Repellendus repellat sit sunt dolorem ducimus quam aperiam.',1,1,'2012-12-27 18:53:24'),(37,12,42,'Libero neque amet ullam tempore iusto eius optio. A qui molestiae non et rerum pariatur tempora. Fuga repudiandae porro fugit esse consequatur. Exercitationem omnis nulla vero et dolorem.',1,0,'1976-04-22 06:17:36'),(38,88,43,'Omnis maiores esse distinctio optio. Qui ipsam nulla quos sint qui omnis sit. Cumque consequuntur facere ad nemo alias. Natus sapiente praesentium quod velit exercitationem inventore.',0,0,'1995-07-28 10:38:40'),(39,95,5,'Sint quia sit aperiam aut. Odio perspiciatis velit dolor enim corporis quia. Voluptatem sed deleniti officiis. Recusandae iste velit eveniet.',0,1,'2012-02-04 06:49:19'),(40,79,77,'Minus modi impedit quam ipsa voluptas tenetur. Laboriosam accusantium quaerat nemo pariatur sed non inventore error. Sed suscipit rerum voluptate nesciunt.',1,0,'2019-05-12 15:26:26'),(41,3,42,'Voluptatum autem est omnis repudiandae. Provident fuga est placeat voluptas tenetur enim. Consequatur commodi voluptatem assumenda doloremque. Non nisi sit consequatur labore ut tempora.',1,0,'2017-02-18 02:00:43'),(42,51,88,'Molestias consequuntur aut voluptas est. Fugiat vel hic illo ea. Doloribus recusandae nam aut corporis ab.',1,0,'2007-01-21 21:28:17'),(43,56,57,'Qui error consequatur quisquam sequi rem. Distinctio sapiente accusamus quae doloremque. Autem voluptas quis aut est ut. Est est vel consequatur fuga repellat perspiciatis rerum.',1,1,'2014-06-23 12:54:45'),(44,93,95,'Debitis possimus soluta sint praesentium omnis numquam. Eos totam maxime similique dolores. Mollitia aspernatur dolore ullam eaque libero et nihil.',0,0,'1972-08-04 12:18:22'),(45,60,44,'Beatae animi pariatur vel. Nostrum nulla laudantium maxime omnis esse. Quaerat et distinctio autem id repellat eum.',0,0,'1991-11-08 00:33:16'),(46,77,72,'Nihil ut iste consequatur doloremque repellendus. Autem aut rerum id consequatur eum error veritatis. Nemo magnam qui at autem ut quia. Vel asperiores ut porro id est laudantium voluptatem.',0,1,'1985-04-13 06:27:31'),(47,72,65,'Laborum rerum reprehenderit neque pariatur mollitia asperiores et et. Eius error aut nihil enim amet ad debitis. Dolorem sequi id veniam mollitia quo. Qui occaecati quae molestiae qui voluptatem.',0,0,'1981-07-16 05:22:41'),(48,59,65,'Ex accusantium officia qui aut. Dolore incidunt modi commodi quis. Tenetur dolores ratione est maxime ut.',1,1,'2012-02-19 11:10:43'),(49,92,28,'Commodi amet magni quae quas natus voluptates quo. Neque id laboriosam itaque numquam.',1,0,'1974-10-04 14:38:19'),(50,55,85,'Quia rerum ab facere voluptas. Aliquid et sunt necessitatibus iusto iste praesentium perspiciatis. Consectetur architecto et optio sint nesciunt aliquid.',1,0,'1986-05-01 01:26:31'),(51,98,55,'Quisquam in sint non porro rerum amet nulla. Provident in id sit quis blanditiis. Voluptatem unde provident voluptatem.',1,1,'1997-02-11 13:40:57'),(52,85,9,'Minima velit architecto quod perspiciatis vel quia. Quis nostrum ratione enim nemo. Nihil quis reprehenderit sunt animi et illum deserunt. Qui commodi est rem ducimus rerum.',1,1,'1979-05-27 21:59:44'),(53,96,72,'Dolores optio omnis tempore. Non aut est est repudiandae. Sapiente cupiditate inventore ex et quasi. Sed sint consequatur quas fuga excepturi.',0,0,'2005-03-26 21:09:51'),(54,52,90,'Et asperiores sint suscipit illum. Quisquam tenetur fugit molestias optio. Repudiandae accusantium voluptates tempora ut tempore.',1,1,'2020-01-22 18:48:32'),(55,77,30,'Sed incidunt et aut optio. Autem ut cum aspernatur voluptatibus. Corrupti fuga minima quas rem. Ut consequatur a molestiae rerum molestiae eum.',1,1,'1983-09-08 04:30:06'),(56,66,80,'In commodi perferendis enim consequuntur ipsum. Ducimus eveniet amet consequuntur fugit quisquam facilis omnis. Quia dolor culpa perspiciatis dignissimos. Consequatur officiis repellat molestiae et.',0,0,'1992-12-04 14:12:18'),(57,71,17,'Fuga odio facilis libero earum placeat aut id. Laboriosam quidem molestias dolore illum quia iusto. Occaecati temporibus ullam fugit sint. Ut voluptatem voluptas et eaque quia.',0,0,'1977-08-11 15:28:24'),(58,68,27,'Est alias tenetur earum repellat voluptate neque sint. Eaque voluptatibus consequatur provident quasi et placeat. Reprehenderit odio labore molestias ratione iste dolor voluptatum cumque. Sapiente eius commodi similique error odit nisi.',1,0,'1978-01-25 03:59:46'),(59,73,61,'Animi voluptatem consequatur voluptatibus error vel voluptas similique. Veritatis eum expedita culpa perspiciatis. Neque ullam praesentium praesentium esse quisquam esse aliquid.',0,1,'1997-05-16 03:14:08'),(60,21,33,'Dolore amet sit delectus aut illo. Voluptatibus aspernatur iure molestiae deserunt eveniet explicabo aut. Ea vero quia in ex autem sit in. Quos expedita quam fugit ut officiis dolorem. Eligendi voluptates placeat totam ipsum.',1,1,'1991-08-31 10:23:32'),(61,4,98,'Sequi iure harum dicta necessitatibus sed laborum deserunt facere. Voluptatem vel optio voluptatem et. Ex iure ut cupiditate deleniti. Ea maiores expedita exercitationem est eligendi fuga voluptates.',1,0,'1995-01-17 15:55:38'),(62,4,75,'Libero ipsa vitae numquam sed accusamus a. Voluptatem qui nihil dignissimos mollitia aut repellendus in. Nesciunt odit vitae quia consectetur alias atque commodi.',0,1,'1992-09-01 22:02:43'),(63,62,62,'Nam accusamus dolorem fuga quibusdam enim aperiam. Occaecati unde consequatur et qui autem. Dolor et et quibusdam velit nobis est sed. Laudantium pariatur ut est blanditiis quo ducimus ratione.',0,0,'1973-10-26 13:26:13'),(64,39,54,'Modi eligendi sit alias et qui aut quod. Fugiat est blanditiis autem nihil sunt ut et. Sit laboriosam voluptas provident debitis dolorem necessitatibus.',1,0,'2018-03-24 02:51:07'),(65,90,94,'Ducimus quia rerum sint quo dolor. Nobis quisquam voluptatum illo qui rerum vitae molestiae. Aut deserunt maxime reiciendis dolorum. Aut at illo temporibus nisi rerum vero.',0,0,'1993-12-15 13:24:25'),(66,39,87,'Eum harum ipsa illum iure necessitatibus. Numquam velit consequatur dolorem consequuntur eum. Voluptate earum provident earum consectetur id ipsa et. Aut alias voluptate eligendi in.',1,1,'1970-02-23 07:56:46'),(67,48,23,'Laboriosam ea animi et iure dolore. Explicabo numquam amet et sint sapiente. Esse ipsa explicabo aliquam nam recusandae.',1,1,'2018-05-28 10:30:49'),(68,96,44,'Dolorum qui est aut adipisci voluptatem officiis et. Error atque enim in vel deserunt. Excepturi ea voluptatem voluptate reiciendis accusantium molestiae sequi.',1,1,'1983-10-10 12:18:57'),(69,95,47,'Aut quibusdam sint fugit fugit voluptatem nobis. Soluta dolor aliquam incidunt dolores provident cum.',0,0,'1998-10-29 02:49:45'),(70,33,71,'Nesciunt iusto impedit ut quo et enim. Impedit harum eius quia reiciendis ullam consequatur. Molestiae et dolorum alias aut delectus id ratione.',1,0,'1977-01-18 02:46:37'),(71,76,99,'Maxime error tenetur placeat dolorum aspernatur ab praesentium. Molestiae aliquam magnam consequuntur odit et. Aut magni velit consequatur iure debitis accusantium. Cupiditate nulla voluptatem minus molestiae dolorem.',1,1,'2018-02-24 09:38:18'),(72,51,47,'Voluptates enim debitis impedit exercitationem soluta doloribus. Ipsa qui perspiciatis magnam veritatis delectus voluptatem. Dolore quasi ex doloremque. Nam ratione adipisci earum facere et.',1,1,'1988-08-03 19:22:14'),(73,15,18,'Repellendus aut rerum aut. Non sequi praesentium et nemo. Quam laborum optio est ea.',0,1,'2001-03-19 21:23:11'),(74,74,87,'Nostrum provident et eius voluptas saepe ut. Aspernatur aspernatur illum odio provident quasi earum sit. Ut sit deserunt ut est earum est dolor.',1,0,'1987-07-02 01:44:43'),(75,78,94,'Recusandae amet architecto debitis aut iure. Debitis qui et occaecati qui aut fuga explicabo. Dignissimos nihil iusto a accusantium aspernatur labore.',0,1,'1973-04-29 16:35:20'),(76,20,81,'Soluta dolore facere ut et id ut. Voluptas dolor omnis earum aut fuga doloremque dolor. Sit consectetur ea non voluptas reprehenderit. Praesentium aut aliquam in corrupti. Nam et doloremque fugiat sit et dolorum recusandae.',0,1,'1977-03-30 09:42:53'),(77,92,23,'Alias necessitatibus perferendis tempora repellat. Inventore consectetur voluptatem dolorem sit ipsa est. Ab perferendis ipsum odio. Dicta magni animi labore officiis.',1,1,'2009-09-05 23:43:31'),(78,56,53,'Ut commodi quas quas vel. Magnam impedit iure est praesentium. Illo voluptas quia fugiat et perferendis ipsa repellendus quaerat. Tempora voluptatem ut itaque placeat qui.',1,0,'2010-01-22 00:27:17'),(79,85,95,'Nam minus omnis quas perferendis consequatur. Impedit expedita qui eum quia non voluptate commodi hic. Velit ea dolor modi et.',1,0,'2004-11-30 00:38:37'),(80,7,75,'Quod nemo autem nihil ut voluptas ducimus officia. Esse ut nam ipsa suscipit. Eum sed ut perspiciatis. Deserunt commodi repellat porro velit non.',1,0,'2017-12-10 00:42:43'),(81,89,45,'Quasi consequatur aliquam eum ut illo a et. Pariatur fuga qui ut quos ut dolores nostrum. At asperiores mollitia sunt tenetur nobis quos. Mollitia cupiditate consequatur a qui asperiores cum nisi.',0,0,'2007-09-19 22:55:59'),(82,61,36,'Neque eos perspiciatis accusantium ipsum ratione voluptas. Ut magni iure voluptas sed nemo dicta. Voluptas magni quasi vel dolores molestiae sint. Iste est praesentium numquam.',0,1,'1983-08-02 20:53:22'),(83,67,57,'Nisi blanditiis animi optio occaecati debitis neque aspernatur est. Et ipsa ut aut sit. Assumenda atque accusantium illo.',0,0,'1994-05-01 03:29:10'),(84,79,61,'Quia cupiditate quos neque ipsum natus et. Temporibus minus voluptatem qui pariatur molestiae. Voluptas corrupti nisi ut itaque quas ratione. Vitae aliquid ut id nisi doloribus neque.',1,1,'2013-12-14 11:47:46'),(85,3,12,'Dolorum a eos omnis et sunt. Error sunt explicabo perspiciatis iusto.',0,1,'2014-05-17 17:39:36'),(86,32,79,'Nulla omnis rerum eligendi unde id aspernatur. Voluptate architecto quia dignissimos sit quo tempora alias. Velit sed facilis cum sit aliquid deleniti. Quia cupiditate qui sapiente nostrum.',1,1,'2006-06-03 20:59:00'),(87,10,82,'Cum nihil illo consequatur molestiae facere voluptatem quaerat iusto. Id autem et quam odio et rem. Nam labore et iure sit consequuntur quia hic.',0,1,'1974-11-17 20:04:12'),(88,26,24,'Illum tempora nobis ut sed ipsum ullam. Dolorum nam qui autem facilis facilis doloremque. Doloribus quod impedit consequatur beatae qui quia.',1,0,'1991-09-10 16:37:55'),(89,100,99,'Commodi facilis sit ipsa saepe. Cum repellat est in dolore labore est.',0,1,'1985-03-27 19:34:40'),(90,11,78,'Cupiditate sit officia quisquam et et qui. Eum eum alias blanditiis. Sapiente et expedita nostrum sapiente.',0,0,'1990-06-15 03:15:21'),(91,92,31,'Ducimus sint incidunt modi quod aut sit incidunt fugit. Ratione sint possimus vel natus. Sint pariatur adipisci omnis consequuntur modi veniam incidunt.',1,0,'2018-03-19 02:40:51'),(92,58,84,'Quia consequatur atque aut ut. Libero amet ut blanditiis deserunt in sequi perspiciatis. Quis praesentium voluptas quos rem iste et.',1,0,'1983-03-27 18:33:21'),(93,54,14,'Numquam eligendi perferendis nihil. Et ex quia eos dolores voluptatem amet in. Impedit dolorum corrupti deleniti incidunt quos eum voluptas quas. Et voluptatem omnis quia.',0,1,'1974-08-27 11:30:52'),(94,36,38,'Vel atque iusto sed perspiciatis excepturi beatae. Omnis tempora perspiciatis inventore sed. Dolor atque quis asperiores recusandae minima. Sit enim est porro rerum id in voluptas.',1,1,'2001-04-06 18:53:51'),(95,8,43,'Nostrum eum cupiditate sint ut eaque explicabo. Sit velit ratione vitae minus corporis.',1,0,'2014-08-26 20:04:58'),(96,12,96,'Cumque sequi non voluptate enim nihil libero architecto. Eum natus omnis molestiae facere in est dolore. Nostrum molestiae amet enim est omnis.',0,0,'1973-03-17 22:24:51'),(97,87,73,'Magnam vitae fugit sapiente magnam. Qui labore vel nesciunt tempore quia numquam in. Qui dignissimos dolor eum incidunt.',1,1,'1980-04-07 22:55:32'),(98,32,54,'Nisi dolor non autem et cum. Quas facere sequi dolorum beatae doloribus. Voluptas voluptate eos sit non est modi. Nostrum voluptatum maiores autem veniam maxime dolores nisi et.',0,1,'2018-07-21 02:07:40'),(99,29,11,'Non iste omnis omnis iste. Ea fugiat perferendis consectetur. Corrupti quaerat soluta harum aspernatur.',0,0,'2016-05-24 21:23:59'),(100,15,32,'Provident debitis cumque explicabo error qui. Quaerat deserunt accusamus et illum. Est sint molestias ea consectetur doloremque tempore ad.',0,1,'2018-09-01 09:57:17');
/*!40000 ALTER TABLE `messages` ENABLE KEYS */;
UNLOCK TABLES;

--
-- Table structure for table `posts`
--

DROP TABLE IF EXISTS `posts`;
/*!40101 SET @saved_cs_client     = @@character_set_client */;
/*!50503 SET character_set_client = utf8mb4 */;
CREATE TABLE `posts` (
  `id` int unsigned NOT NULL AUTO_INCREMENT,
  `user_id` int unsigned NOT NULL,
  `community_id` int unsigned DEFAULT NULL,
  `head` varchar(255) DEFAULT NULL,
  `body` text NOT NULL,
  `media_id` int unsigned DEFAULT NULL,
  `is_public` tinyint(1) DEFAULT '1',
  `is_archived` tinyint(1) DEFAULT '0',
  `views_counter` int unsigned DEFAULT '0',
  `created_at` datetime DEFAULT CURRENT_TIMESTAMP,
  `updated_at` datetime DEFAULT CURRENT_TIMESTAMP ON UPDATE CURRENT_TIMESTAMP,
  PRIMARY KEY (`id`)
) ENGINE=InnoDB AUTO_INCREMENT=101 DEFAULT CHARSET=utf8mb4 COLLATE=utf8mb4_0900_ai_ci;
/*!40101 SET character_set_client = @saved_cs_client */;

--
-- Dumping data for table `posts`
--

LOCK TABLES `posts` WRITE;
/*!40000 ALTER TABLE `posts` DISABLE KEYS */;
INSERT INTO `posts` VALUES (1,71,31,'Voluptatibus facilis assumenda sed deserunt.','Neque architecto dignissimos ut dolores ut laboriosam nemo. Ut et quia vero error ratione labore. Molestiae quibusdam error est quis. Ut eveniet iste repudiandae sequi deleniti maxime.',1,1,1,50523412,'1987-11-05 19:12:28','1989-08-30 14:48:13'),(2,23,91,'Nihil harum velit veritatis ea non repellat et.','Aliquam culpa quam itaque quo repellendus nobis. Et animi cum voluptates laborum nam esse aut debitis. Placeat voluptas modi ut facilis ex rerum porro.',2,1,0,386,'1997-02-13 01:24:06','1971-01-20 18:24:43'),(3,12,84,'Animi voluptatem veritatis accusamus quod recusandae quia ullam.','Illo ullam eius ad et eligendi itaque. Velit itaque fugiat doloremque illum facilis architecto fugit. Tenetur saepe et saepe soluta distinctio quisquam assumenda. Et non inventore labore eum qui delectus. Aut ea dignissimos omnis officia.',3,0,1,0,'1995-04-13 08:33:12','1987-02-04 20:58:25'),(4,80,69,'Aut minus corporis nisi.','Quidem est omnis repellat quod. Doloremque omnis dolorem molestias voluptate voluptates ea.',4,0,0,668856,'1983-07-12 02:12:02','1989-02-17 15:00:28'),(5,45,43,'Illo sit cupiditate iure voluptatem.','Dignissimos aspernatur expedita magni ex recusandae inventore consequatur. Exercitationem eos doloribus aut et. Distinctio sit iusto odio quia molestiae voluptates in.',5,1,0,675594,'1974-01-17 15:48:52','1985-02-01 09:12:25'),(6,45,57,'Ex a est in sint.','Pariatur eum sit incidunt porro deleniti. At autem officia rem a. Ea eos magnam aspernatur hic consequatur repellat. Molestiae autem aliquam ut pariatur consequuntur. Officiis est non qui qui delectus repellendus omnis.',6,0,0,4068,'2010-11-10 09:44:01','2019-09-15 00:59:52'),(7,93,47,'Doloribus voluptatem qui aspernatur qui sed.','Beatae saepe ipsam a unde. Molestiae autem nam magni vitae aut. Maiores quaerat quibusdam aspernatur architecto corrupti voluptate quis animi. Quos laboriosam odio dolor blanditiis et iusto qui. Ut ullam veniam amet.',7,1,1,5446,'1989-04-10 04:05:25','2015-12-14 14:01:56'),(8,92,53,'Dicta aut occaecati occaecati ut.','Autem voluptas corporis natus molestiae. Deserunt autem consequatur delectus earum. Et ipsa facilis non est error. Soluta rerum porro voluptas dolor vel est id.',8,0,1,9291531,'1998-10-28 14:11:41','2002-10-15 15:22:56'),(9,29,81,'Dolorum itaque molestiae iusto laboriosam voluptatem.','Qui nisi rerum ut commodi in est. Vitae debitis quidem est fuga enim. Nihil iste nulla veritatis aut laborum.',9,0,1,702125,'1995-05-15 03:41:46','2018-10-26 17:21:11'),(10,37,13,'Suscipit necessitatibus assumenda sit quo.','Qui commodi at ut quia quia. Iusto est ullam animi nesciunt et eveniet aperiam.',10,0,0,8,'2017-12-18 23:32:41','2010-07-20 07:58:35'),(11,21,60,'Ratione harum illum enim ea autem.','Est officiis optio voluptatibus et maiores quis. Exercitationem nulla et minima corrupti. Perferendis repellat et qui consequatur qui rerum. Quod sunt distinctio corporis ad amet neque dolorem autem.',11,0,0,531331,'2008-08-02 02:01:40','2019-12-16 13:21:42'),(12,14,23,'Repudiandae ipsum id vero dolores.','Enim quo nulla voluptates vero aspernatur. Atque laboriosam iure qui magni. Voluptas facere repudiandae aspernatur ut. In a optio a consequuntur voluptatum voluptatem.',12,1,1,9,'1989-11-29 18:06:34','1985-06-20 01:12:31'),(13,87,100,'Voluptates cupiditate corrupti et et consequatur.','Quas atque enim quia sed est non delectus repellendus. Quisquam ut eos consequatur distinctio libero. Aut recusandae ut quia aut non dolor eum aspernatur. Dolorem deserunt dignissimos repellat quas eius.',13,0,0,30353,'1987-02-12 07:55:06','2006-08-05 19:41:31'),(14,3,18,'Vel cupiditate nisi velit velit repudiandae suscipit officiis.','Modi asperiores quas eum est non id error. Consequuntur nihil deleniti qui officiis ut velit. Ex numquam aut et aut repudiandae. Ex doloribus tempore eum deserunt aut excepturi expedita iure.',14,0,0,36152,'2017-02-25 02:05:30','1990-03-10 21:16:42'),(15,47,54,'Animi quasi labore non ipsum sit magni vel.','Cumque nihil incidunt rerum quia voluptatem nesciunt. Rerum ut a quasi et nesciunt iusto veritatis. Explicabo qui quibusdam officia voluptas nisi.',15,1,0,934308,'2005-04-08 02:41:10','1988-12-14 19:57:03'),(16,75,75,'Ex eaque est voluptates reprehenderit iste.','Occaecati quia consequatur molestias unde magnam. Error placeat consequuntur ipsa corrupti. Minus ad enim deleniti fuga. Optio doloribus error repellat quasi magni.',16,1,0,6,'1978-11-03 12:57:32','2005-09-11 03:18:08'),(17,1,98,'Voluptas sit excepturi accusantium velit doloremque sunt.','Quo dolor sit maiores. Accusamus sed occaecati velit ut perferendis doloremque nemo. Sit vitae asperiores quia quae. In velit aut reiciendis sint praesentium dolorem ex.',17,1,0,0,'1976-11-14 04:09:45','1971-01-14 02:43:47'),(18,61,90,'Quas excepturi animi sequi consectetur.','Magnam eum et rerum deleniti nihil. Sit laboriosam qui eos nostrum voluptas consequatur. Hic autem voluptate accusamus id sapiente.',18,0,0,924340,'2003-11-16 01:37:10','1970-02-09 05:22:31'),(19,27,100,'Quae culpa ut deleniti in.','Asperiores enim alias totam architecto quas delectus. Aperiam perspiciatis ea enim consequatur et. Laboriosam ad harum iure ea. Veniam doloremque sit excepturi accusamus consequatur odit.',19,0,1,74608,'2019-10-11 05:40:08','1974-08-16 11:20:44'),(20,36,30,'Itaque facilis eaque itaque aspernatur.','Quo natus repudiandae nesciunt suscipit adipisci quo natus. Autem pariatur aut dolorem molestiae. Suscipit qui a at illo ea repudiandae.',20,0,1,28080596,'1981-07-15 15:34:18','2017-08-10 00:14:07'),(21,66,22,'Perferendis nihil mollitia iusto corporis et sunt nostrum.','Amet nisi quasi occaecati nisi id nam sequi qui. Magnam qui est illum et architecto ducimus. Iste at expedita odio.',21,0,0,7200,'1981-07-06 17:41:41','1999-12-05 01:42:45'),(22,23,90,'Delectus ad repellat recusandae aliquid ducimus possimus aliquid.','Culpa eius est ab odit totam ratione. Maiores ad eum accusantium sunt eos veritatis temporibus.',22,1,1,255011,'1980-11-01 19:54:01','2006-07-08 05:47:34'),(23,41,22,'Quas officiis recusandae distinctio ea.','Eum nobis ad laboriosam quod quo dolores eligendi. Quod qui odio non reiciendis quo rerum et.',23,0,1,55233978,'1986-05-01 19:19:00','1994-03-09 09:24:46'),(24,90,8,'Officia molestiae odio suscipit ducimus dicta hic ab.','Sunt ex tempore provident minus sit temporibus modi. Esse eius quia qui quo. Officiis quam consequatur harum sunt quibusdam placeat. Voluptatem quisquam eum magni et. Nihil excepturi dolorum nemo culpa assumenda.',24,1,0,1331,'2013-03-12 14:17:14','1995-03-24 11:31:39'),(25,67,8,'Libero earum soluta voluptate voluptatum saepe voluptatem ut minus.','Praesentium beatae amet non odit eum. Perferendis aut quia esse cum recusandae. Aut officiis perspiciatis ullam molestiae. Aut exercitationem pariatur culpa quod.',25,1,0,59447,'2020-02-03 23:35:08','1998-08-19 16:59:04'),(26,42,60,'Et similique reiciendis nostrum laudantium.','Error porro qui quaerat dolore illum nostrum. Ipsum possimus pariatur voluptatem et labore et ex. Odit repellat aut omnis voluptatem occaecati.',26,0,0,990649,'1974-07-27 22:22:38','1976-03-12 09:16:51'),(27,42,87,'Occaecati alias praesentium odit fuga et harum.','Aperiam est reiciendis animi neque non eum cupiditate. Omnis corrupti minima excepturi beatae amet labore. Sunt similique accusantium adipisci id esse.',27,1,0,0,'2013-07-06 02:22:02','1986-04-26 23:36:15'),(28,55,71,'Fuga nihil eius quod tempora velit natus qui quo.','Placeat facere architecto hic. Et quo molestiae amet fugiat dolores fugiat praesentium. Animi soluta animi modi officia aut cupiditate non non. Dolorem nobis consequuntur ab corrupti et omnis magni saepe.',28,0,1,1598645,'1977-05-30 08:47:21','1978-01-24 02:19:15'),(29,24,92,'Eligendi tenetur iusto enim aperiam et cum aspernatur.','Vitae et voluptates nisi. Molestiae placeat odit non voluptatum animi et molestias. Nam voluptatem eaque porro ex.',29,1,0,131221009,'1977-04-10 09:25:38','1991-02-10 05:57:37'),(30,83,56,'Explicabo reprehenderit consequatur debitis aliquam nostrum quisquam.','Doloribus placeat enim tempore quia amet velit. Et sint consectetur earum sed.',30,1,1,5960485,'2005-06-02 09:00:40','2018-02-06 00:36:14'),(31,23,83,'Similique omnis cupiditate sed qui dolorem blanditiis.','Fugiat eum quibusdam eum voluptates in. Assumenda vel et iure necessitatibus voluptatem quia repellat aut. Omnis odio omnis cupiditate quasi voluptas ut. Numquam rerum possimus sapiente dolorum aut quo voluptas.',31,0,1,668,'1981-04-21 09:56:37','1983-05-07 05:32:41'),(32,62,18,'A omnis minus dicta blanditiis veniam quae.','Omnis dolores voluptate sunt et aut dignissimos excepturi voluptatibus. Tempora doloremque neque ducimus adipisci quis. Delectus laborum repudiandae inventore sunt. Culpa dolorem perferendis ut optio et.',32,0,1,8,'1976-06-09 18:26:39','1979-12-16 11:17:47'),(33,47,58,'Numquam consequuntur fuga optio eos.','Qui recusandae et quia. Quo ut hic nobis rerum laboriosam voluptatem rerum. Iste voluptatem sapiente qui quo dolore deleniti consequatur. Similique aut incidunt saepe qui accusantium nesciunt dolores est.',33,1,1,4,'1989-09-20 08:13:25','1999-08-15 20:53:01'),(34,26,28,'Sint quidem sed ut eaque perspiciatis distinctio quia.','Dolore atque consequuntur a quidem reprehenderit. Dolor magni incidunt accusantium nam quod. In enim dignissimos voluptates sit quis reprehenderit quia laudantium. Aut nemo dignissimos ea error magnam.',34,1,0,116,'1977-01-10 22:29:25','2018-04-15 21:57:17'),(35,14,70,'Magnam adipisci quos illo.','Officiis accusantium sunt et cum vel et. Aut nostrum sed voluptatem magnam. Voluptatem dignissimos non voluptates. Autem quidem nihil est recusandae ut hic architecto.',35,0,1,886242,'1982-01-06 02:17:36','1979-07-01 01:26:42'),(36,4,99,'Quae blanditiis pariatur qui.','Quibusdam dicta dolorem quisquam excepturi. Ipsam dignissimos qui blanditiis. Quis incidunt deserunt numquam et et unde molestiae.',36,0,0,0,'2013-02-03 06:57:16','1993-07-20 23:56:07'),(37,3,98,'Dolor saepe ducimus omnis.','Quo voluptatem quis similique qui asperiores modi est. Voluptatem odio in porro consequatur est qui numquam quia.',37,0,0,1,'2009-01-03 13:06:34','1990-09-04 08:23:14'),(38,49,70,'Consequatur eaque qui sed culpa voluptatem.','Iusto magnam temporibus dolores sunt et asperiores. Eligendi fugiat laboriosam deserunt. Tenetur aut ipsam ullam consequatur quo voluptas eum.',38,1,0,1103,'1997-01-30 10:28:22','1976-06-03 18:08:40'),(39,8,55,'Repudiandae ut eum voluptate.','Adipisci quas reprehenderit dicta occaecati dolore odio. Nisi qui aut ut debitis rem aut. Eaque soluta molestiae dolorem dolores illum.',39,1,0,27,'2000-12-02 21:40:34','1980-12-07 15:36:48'),(40,36,95,'Dolor quaerat enim modi non.','Qui dolor a provident voluptatem tempora. Similique magni est quo nam. Voluptatem error repellat ratione non ducimus velit iste. Accusantium iusto quibusdam non maxime sit. Quia suscipit similique perspiciatis est.',40,1,0,67889,'2001-11-07 12:55:38','1993-03-25 13:32:47'),(41,9,45,'Voluptatem doloribus ducimus id.','Doloremque voluptas in pariatur voluptatem consectetur. Voluptate accusantium repellat deserunt officiis.',41,0,0,77,'2018-04-09 07:22:32','1978-07-25 01:29:01'),(42,17,10,'Cupiditate culpa ad delectus eum sed quaerat.','Rerum soluta non illo. Laboriosam iure iste voluptatem autem quia architecto. Voluptas illum ex velit animi.',42,1,1,1,'2008-10-25 04:57:52','1990-09-09 07:23:12'),(43,64,99,'Natus id et non voluptas eos voluptate reprehenderit.','Ut excepturi ipsum cupiditate quos ut distinctio. Sed tenetur possimus velit minima ab. Qui dolor aperiam non porro rerum distinctio et. Voluptatem et officia consequatur optio ullam placeat quia.',43,1,1,87308057,'2018-05-09 22:23:05','2016-12-27 11:19:18'),(44,99,14,'Beatae velit quidem minima ut quia.','Corrupti perferendis et molestiae et. Repellat impedit quidem enim aut recusandae vel ex. Recusandae corporis velit temporibus. Consequatur eligendi dolorum voluptas itaque ipsa aliquid est veritatis.',44,0,0,878091089,'1990-03-21 04:39:00','1983-10-05 22:47:15'),(45,20,63,'Illum ut aut exercitationem deserunt nihil.','Sint sint corrupti culpa ad inventore perspiciatis. A at reiciendis et ut rerum sunt quos. Aliquid sed et totam eos dicta vitae enim dolorem.',45,0,0,0,'1970-03-25 16:04:07','1999-04-01 14:31:42'),(46,89,5,'Necessitatibus dolorem dolorem qui blanditiis.','Reiciendis accusamus vero necessitatibus ea illum eligendi hic. Harum veniam consequatur possimus aperiam aut natus. Temporibus nam reprehenderit nemo aperiam voluptates.',46,1,1,831273,'1997-01-11 06:27:46','2000-03-30 20:21:13'),(47,36,84,'Quis est amet voluptatem facere facere.','Laboriosam quis inventore architecto sed. Adipisci consectetur nulla laborum sed iure voluptas qui. A in aut assumenda non nam et inventore quia.',47,1,1,21,'1998-08-16 21:22:23','1992-01-21 14:57:13'),(48,81,100,'Molestiae maxime alias rerum eveniet et illo.','Molestiae eveniet nisi pariatur dicta. Neque quia corporis quisquam quo. Autem doloremque qui ipsa.',48,0,1,49,'1972-05-08 18:52:38','2000-02-18 03:03:21'),(49,7,37,'Dolores quo unde dolore aut.','Ex ea excepturi culpa rerum iste. Non assumenda facere eum aut a. Veniam cumque asperiores neque aut ut est dolorum. Enim cupiditate doloremque et sit quia. Est ut sunt cum eos exercitationem.',49,1,1,346729,'2005-03-21 05:51:48','2007-07-25 00:25:59'),(50,86,83,'Quam earum aliquam id modi unde modi voluptatibus.','At aut quisquam ab dolores eveniet ad. Corporis adipisci necessitatibus aut. Molestias est aspernatur a enim est et et ut.',50,0,0,36714,'1983-08-06 15:24:29','2002-11-05 23:57:21'),(51,67,16,'Consectetur culpa voluptatem dolor nulla.','Et ipsam vitae ipsum ea. Alias reprehenderit quia maxime voluptas quisquam eveniet itaque. Est ipsa corrupti nobis nobis quisquam porro. Est quasi omnis adipisci ipsam natus nihil ex sint.',51,1,0,9,'1970-12-05 11:25:08','1975-06-23 21:07:50'),(52,95,84,'Reiciendis aut consequatur qui ut.','Debitis at temporibus perspiciatis nemo. Illum beatae enim est necessitatibus. Aspernatur omnis nihil fugiat in.',52,1,0,8,'1984-05-19 17:48:41','1986-06-28 12:10:04'),(53,85,60,'Accusantium voluptatem molestias qui dolor dolorem deserunt et qui.','Expedita aliquam nostrum in nihil eius cupiditate. Dolorum occaecati sapiente fugiat quo et. Molestias blanditiis beatae est ut voluptatem. Inventore recusandae id dicta itaque minus omnis.',53,0,0,602116981,'1996-11-14 06:58:19','2011-09-10 19:15:15'),(54,67,54,'Sit cumque quis reprehenderit explicabo ut.','Facere non voluptatem praesentium ex exercitationem. Natus ut facilis dolores libero. Accusamus quod aut ducimus et molestiae et. Perspiciatis quia vitae ut voluptas qui. Tempore nihil asperiores corporis architecto perferendis.',54,1,1,0,'1985-01-16 18:00:06','1971-10-27 12:00:09'),(55,11,83,'Nisi vero in voluptatem id hic quis.','Tempora quas consequuntur iste aliquam. Molestias hic qui ut omnis ea non. Quia quis molestiae tempore necessitatibus quasi et eum aut. Est adipisci minus sint rerum voluptatibus est id consequatur.',55,1,0,836,'1998-01-12 21:33:48','1975-05-31 23:10:44'),(56,28,92,'Numquam cupiditate porro sint voluptas.','Enim eius et in quo reiciendis quo atque. Quas aut porro debitis necessitatibus quaerat. Ipsa ea nisi deleniti veniam blanditiis. Nam autem est ea odit veritatis.',56,1,1,97117,'1979-12-23 23:53:56','1991-07-11 18:23:48'),(57,54,19,'Corporis laborum placeat sunt a.','Qui dolor a est in nostrum aut. Dolor inventore dolorum dignissimos eos. Illum facilis et excepturi ullam atque corrupti et. Laboriosam placeat quisquam sequi in id.',57,1,0,799,'1987-07-13 09:07:58','1984-06-24 08:42:04'),(58,34,70,'Voluptatem officiis est consectetur velit.','Possimus cupiditate et neque blanditiis. Soluta aliquam inventore impedit. Optio dolorem et et nam qui itaque ut. Est amet sunt qui quo atque consectetur.',58,0,0,4124809,'1991-08-14 10:25:50','1993-04-25 08:59:30'),(59,60,4,'Id perferendis nihil qui veritatis possimus.','Sapiente minus quaerat atque esse. Deserunt et quos recusandae aut natus odio. Repellat natus dolorem accusamus magnam et aut placeat optio.',59,1,0,7445,'2007-12-30 00:09:17','2003-03-18 07:28:24'),(60,47,17,'Quia illum nihil quos veritatis.','Et quo ipsum sed est est doloremque in. Vel reiciendis debitis non. Quae et iure ea dolorem. Similique delectus aut est soluta est.',60,0,1,0,'2007-10-30 11:09:53','2008-08-09 10:42:55'),(61,62,81,'Et facilis ullam nihil eaque vel.','Alias ea deserunt et labore et. Aut aliquam voluptatem officia cupiditate eos qui accusamus. Impedit perspiciatis ducimus enim ut assumenda facilis beatae omnis. Officia consectetur sit non blanditiis in odio.',61,1,0,0,'2012-04-27 21:20:24','2001-10-15 04:36:11'),(62,4,86,'Tempore non natus quod molestias incidunt ad.','Aliquid vel suscipit ut neque nulla. Odit sunt corrupti sint dolores. Quidem ipsam velit quasi.',62,1,1,6718497,'1980-04-15 18:27:43','2016-04-30 00:19:36'),(63,51,82,'Tempore non autem quia fuga veritatis illum excepturi.','Assumenda fuga consequatur voluptatem aut deserunt accusamus quos sed. Voluptas officiis totam et et qui dolores officia. Est et quisquam quis aut.',63,0,1,24302998,'1995-05-13 07:21:50','2017-03-23 03:50:21'),(64,20,24,'Et qui unde possimus magnam et.','Amet iure rerum corporis sint nostrum non. Necessitatibus iste dolore qui doloremque ipsam ex. Consectetur et id amet aspernatur harum.',64,1,1,7242,'1982-03-03 15:31:49','2002-07-07 18:53:16'),(65,9,62,'Tempore minus ut ipsam et enim autem qui.','Et fuga nulla vel quia aut ut. Dolorem hic consequatur commodi eum dolor corrupti voluptas. Et qui qui harum nisi.',65,1,0,35317,'2003-01-15 11:31:47','2007-03-11 11:08:37'),(66,72,7,'Ut consequatur ea accusantium dicta suscipit.','Numquam odio ullam repudiandae maiores quibusdam ut quo. Aliquam sunt delectus reiciendis harum velit consectetur. Temporibus quia deserunt explicabo in ut impedit rerum deleniti. Sint quia aut pariatur tenetur fugiat nihil provident. Aut ea perferendis atque dolores quaerat recusandae libero.',66,0,1,697035,'1979-11-21 13:54:40','2011-12-20 11:04:32'),(67,3,77,'Quae placeat non fuga.','Optio ut voluptas exercitationem repellendus. Nostrum voluptas aliquam et porro ex non. Corporis voluptas ab quia unde ea ea id.',67,0,0,7459,'1986-03-16 23:09:46','1971-02-12 17:03:45'),(68,76,9,'Consectetur voluptatem vero voluptatibus veniam animi.','Animi ad occaecati libero voluptas sapiente et. Ducimus quam ducimus suscipit numquam et dolor. Odit animi est iste provident molestiae et. Laudantium et ut inventore assumenda perferendis.',68,0,1,877457,'1980-03-26 18:03:25','1999-10-26 15:07:51'),(69,70,70,'Veniam nemo eius quisquam inventore laboriosam.','Voluptas alias ut repellendus fugit eos nam eveniet est. Dolor et aut quasi quia ut voluptatem. Temporibus voluptas rem et quasi maiores reprehenderit consectetur. Eum ut repellat rem non qui. Asperiores provident reiciendis animi.',69,0,0,0,'1976-04-14 04:06:25','2006-01-25 13:03:50'),(70,93,84,'Minima enim et aut consequatur non error.','Consequatur corrupti reiciendis consequatur ut. Cupiditate delectus non quae ut ut. Amet quia nisi aut iste qui ipsum molestiae. Voluptas quod tempore rerum hic expedita.',70,0,0,4820898,'2015-03-14 19:46:45','1974-02-26 01:12:56'),(71,89,50,'Et ipsum voluptatem quidem necessitatibus.','Nam magnam voluptas saepe reiciendis. Fuga enim aspernatur consequatur aperiam ipsa dolorum nihil. Vel sed et sint quis repellendus. Reprehenderit recusandae ab esse officia.',71,1,0,250,'1992-11-08 22:37:15','2014-05-21 07:34:28'),(72,67,53,'Nihil qui consectetur explicabo aut saepe voluptate voluptas.','Sit sit eaque sunt reprehenderit quas ut aut in. Aliquam quibusdam quia delectus dolor culpa laborum. Atque sint nihil autem est dolorem et et. Qui et inventore recusandae aspernatur magni nisi laudantium.',72,1,1,0,'1987-11-18 22:29:13','1970-09-29 09:39:24'),(73,93,20,'At ut nihil ad in et quia placeat.','Quis sed illum voluptatibus nesciunt adipisci debitis exercitationem. Omnis fugit amet commodi voluptate dolores. Eos totam totam fugiat culpa deleniti sed.',73,0,0,0,'1973-06-04 15:55:52','1992-03-17 22:39:43'),(74,2,55,'Eum vero tenetur officiis debitis.','Et dolore accusamus consequatur. Et consequatur et quos. Repellendus magni qui expedita id fugit.',74,0,0,0,'2011-02-25 00:58:38','1993-01-14 18:59:24'),(75,31,38,'Aspernatur vel magnam nulla fugit vel vero aut eveniet.','Error consequatur labore nulla. Architecto ratione esse omnis. Odit iure voluptatem molestiae. Facere dolores temporibus sed quia quia vero.',75,0,0,75973,'1989-08-26 08:34:04','1974-12-13 20:20:13'),(76,77,88,'Veritatis quisquam omnis magnam occaecati in animi.','Aliquam eum rerum explicabo quia. Mollitia cum aut facere sit voluptatem. Nesciunt fugiat et odio debitis rerum ut ratione enim.',76,1,0,7496,'1992-08-06 03:02:40','1996-01-17 20:43:51'),(77,74,92,'Quia reprehenderit tempora saepe mollitia facere et dicta.','Sapiente reprehenderit quam ducimus mollitia quae corporis. Itaque itaque magnam rerum vel explicabo illo.',77,1,0,80370171,'1991-04-20 11:47:13','2004-03-12 06:47:05'),(78,49,54,'Eligendi consequatur deserunt magni incidunt veritatis.','Corporis vero nemo voluptatem doloremque est omnis. Dolor dolor temporibus saepe nihil ullam omnis omnis. Voluptas libero dolore architecto fuga similique.',78,1,0,436159549,'1979-05-24 18:12:28','2005-09-19 01:48:58'),(79,33,25,'Impedit et est mollitia eaque atque.','Quam qui placeat quidem voluptatem rerum. Earum qui deserunt possimus sed. Illo et error hic magnam. Aspernatur aut laborum alias ut. Incidunt esse nesciunt optio cum molestiae rem.',79,1,0,4732754,'1995-12-17 12:29:11','1977-03-08 09:42:07'),(80,86,51,'Omnis commodi rerum rerum adipisci.','Fugiat repellendus maxime aut sequi quasi quo. Eius ea asperiores eos minima illum.',80,1,0,47272,'2007-09-02 08:33:29','1989-06-14 08:12:04'),(81,95,22,'Officiis aut nihil voluptas voluptatibus.','Iure quo nisi non molestiae autem quaerat ipsum cum. Minima nobis quae magnam veritatis. Qui deleniti voluptatum itaque eveniet illum vitae. Delectus ad animi natus quaerat expedita aut magni.',81,0,1,68359780,'1988-03-03 08:18:50','2007-08-25 09:11:21'),(82,93,17,'Perspiciatis dolorum distinctio voluptate repellat in.','Aperiam reprehenderit velit fugit facere ducimus. Ut dolores nobis odit facilis quia est.',82,0,1,138544108,'1989-05-21 16:49:37','2011-06-03 01:14:40'),(83,52,94,'Vel veniam vitae sunt qui omnis nostrum.','Similique et tempore a ea. Ab occaecati quia quidem.',83,1,0,815640,'1972-11-07 19:51:30','1994-11-02 15:16:28'),(84,46,63,'Quidem nesciunt sequi consequatur enim consequatur.','Quae ut exercitationem architecto laudantium accusantium dolores voluptates. Tenetur officiis repellendus et repudiandae. Ut deserunt esse praesentium ea.',84,0,0,0,'2019-04-28 17:32:05','1990-03-10 17:42:12'),(85,48,88,'Ad eius tempore reiciendis voluptatem.','Modi libero eveniet at ratione quis. Voluptatem vel corrupti voluptates minus et eveniet. Accusamus sunt eum libero quia sed ab. Quia similique saepe in necessitatibus.',85,0,1,62704,'1993-04-02 09:05:11','1978-06-24 22:47:07'),(86,82,37,'Nostrum ipsa tempora ad accusantium labore necessitatibus accusamus non.','Quia quasi similique modi suscipit dolorum. Enim voluptas ut repudiandae saepe nostrum est quisquam qui. Ducimus aliquam quae nemo facere fugiat dolore.',86,1,0,463522,'1979-01-10 21:55:46','1972-09-10 23:03:17'),(87,39,96,'Architecto quo cum dolor quod vel.','Voluptas doloremque fugiat molestiae labore accusantium rerum. Nostrum aliquid ut voluptatem tempore voluptatum dolores.',87,1,0,7967884,'1982-02-03 02:09:50','2007-03-04 23:55:08'),(88,22,80,'Quibusdam omnis eaque odio error.','Molestias ullam consequuntur in id. Quisquam id non rerum corporis qui numquam. Ad sapiente laudantium in aspernatur officia.',88,0,1,5,'2016-06-27 02:53:43','2009-03-04 10:20:14'),(89,42,26,'Sed nam rem esse totam et.','Atque deleniti omnis consequatur reprehenderit repudiandae velit blanditiis. Ut illum amet molestias corrupti eos dicta. Nihil et odit voluptatem asperiores quod quidem suscipit. Unde est modi sunt facere earum fuga.',89,1,0,4921,'2013-03-12 00:12:11','2014-08-27 12:01:53'),(90,45,52,'Dolorem deserunt officia aut unde eligendi.','Assumenda fugiat optio itaque non nihil. Est facere et illo tempora voluptatem. Voluptatum beatae perferendis placeat qui impedit sit et incidunt. Ut sit quos asperiores facere nesciunt.',90,0,0,20,'2008-01-09 12:17:08','2002-01-28 04:05:13'),(91,44,4,'Hic officia pariatur explicabo expedita qui.','Ipsam minima expedita et ut iusto incidunt consectetur necessitatibus. Recusandae dolor aut eaque voluptatibus deserunt est. Nam quibusdam eum ducimus molestiae enim.',91,0,1,739,'1985-05-05 14:52:53','1976-08-25 13:38:58'),(92,63,75,'Illo cumque ut exercitationem voluptas.','Officiis eos explicabo ab ratione. Aut accusantium minus non esse cumque. Voluptatum qui est quisquam distinctio accusantium vel. Enim molestias quasi excepturi excepturi.',92,1,1,260158259,'1973-02-17 08:43:43','1974-04-01 03:19:28'),(93,56,100,'Earum hic aspernatur ipsa voluptatem voluptas ipsa.','Odit eaque blanditiis distinctio qui magni ab voluptate. Eaque corrupti et veniam excepturi enim. Aspernatur blanditiis aut suscipit.',93,1,0,4289,'1973-10-01 12:36:51','1988-08-09 22:01:13'),(94,65,14,'Maiores occaecati quae magnam molestias rerum labore vero.','Et facere inventore rerum error harum. In ex nemo neque. Voluptates maiores et iste odit amet eum minus. Voluptates numquam natus ullam incidunt ut earum.',94,1,1,0,'2017-02-03 09:54:03','1971-08-02 05:03:46'),(95,14,1,'Velit explicabo quasi commodi recusandae unde unde reprehenderit.','Molestiae sunt fugiat cupiditate quis veniam. Repellendus fugit voluptate soluta dolorem modi in provident et. Sit vitae commodi autem sequi ab non.',95,0,0,8730,'1971-02-09 13:49:06','2000-12-08 00:43:03'),(96,10,9,'Sed quia quia exercitationem voluptatem ex quod et.','Sed nihil quas natus iure aut deleniti maiores. Quaerat voluptas quo modi repellat. Consequatur eos porro provident qui ad.',96,1,0,383,'1977-10-02 16:46:28','2014-02-01 10:43:20'),(97,74,8,'Quo sunt sit impedit tenetur atque rerum porro consequatur.','Eum qui illo temporibus modi earum labore. Accusantium eveniet similique eius omnis. Aut magnam excepturi quis iure et sit iusto. Sint fuga dolores sequi maxime.',97,0,0,4971,'2009-11-06 12:47:20','1989-06-03 18:33:25'),(98,76,3,'Vero beatae assumenda non quisquam.','Autem iusto nihil perferendis. Et animi ipsa nobis at iste velit. Labore doloremque rerum a voluptate eveniet. Amet incidunt numquam possimus est nulla sint. Ipsa reprehenderit vel in velit pariatur.',98,0,1,943517,'1974-08-14 08:42:58','2006-10-03 23:47:59'),(99,61,9,'Placeat rem consectetur numquam et officia expedita suscipit.','Perferendis fugiat sit quisquam. Quisquam inventore voluptatum nemo. Officia omnis cumque deserunt qui ad.',99,0,1,9,'2008-10-29 05:15:27','2013-03-24 00:28:05'),(100,20,74,'Qui voluptatem ratione placeat.','Deserunt soluta rerum occaecati ipsum libero voluptatum. Cupiditate est odit cumque quia et.',100,1,0,4446,'1974-11-29 12:20:31','2010-05-20 13:42:46');
/*!40000 ALTER TABLE `posts` ENABLE KEYS */;
UNLOCK TABLES;

--
-- Table structure for table `profiles`
--

DROP TABLE IF EXISTS `profiles`;
/*!40101 SET @saved_cs_client     = @@character_set_client */;
/*!50503 SET character_set_client = utf8mb4 */;
CREATE TABLE `profiles` (
  `user_id` int unsigned NOT NULL,
  `gender` char(1) NOT NULL,
  `birthday` date DEFAULT NULL,
  `city` varchar(130) DEFAULT NULL,
  `country` varchar(130) DEFAULT NULL,
  `is_private` tinyint(1) DEFAULT '0',
  `created_at` datetime DEFAULT CURRENT_TIMESTAMP,
  `updated_at` datetime DEFAULT CURRENT_TIMESTAMP ON UPDATE CURRENT_TIMESTAMP,
  `photo_id` int unsigned DEFAULT NULL,
  PRIMARY KEY (`user_id`),
  KEY `profiles_photo_id_fk` (`photo_id`),
  CONSTRAINT `profiles_photo_id_fk` FOREIGN KEY (`photo_id`) REFERENCES `media` (`id`) ON DELETE SET NULL,
  CONSTRAINT `profiles_user_id_fk` FOREIGN KEY (`user_id`) REFERENCES `users` (`id`) ON DELETE CASCADE
) ENGINE=InnoDB DEFAULT CHARSET=utf8mb4 COLLATE=utf8mb4_0900_ai_ci;
/*!40101 SET character_set_client = @saved_cs_client */;

--
-- Dumping data for table `profiles`
--

LOCK TABLES `profiles` WRITE;
/*!40000 ALTER TABLE `profiles` DISABLE KEYS */;
INSERT INTO `profiles` VALUES (1,'m','1980-02-17','Connfort','Colombia',0,'1983-12-29 13:10:58','2020-05-21 19:38:36',NULL),(2,'f','1972-12-13','Arvillaborough','Tuvalu',0,'1977-08-07 07:37:40','1984-08-27 03:22:29',NULL),(3,'m','1996-02-01','Cormierborough','Gibraltar',0,'2019-11-02 17:46:57','1995-10-10 13:59:27',NULL),(4,'m','1995-05-24','Ernserview','Angola',0,'1995-04-11 00:18:50','2008-10-19 18:38:33',NULL),(5,'m','1985-05-01','Carolynview','Samoa',0,'1996-04-27 17:26:46','1990-09-13 07:40:37',NULL),(6,'m','2008-07-31','North Gladyshaven','Gibraltar',0,'1971-10-07 20:25:48','1986-02-06 15:42:07',NULL),(7,'f','1982-02-11','Bahringerton','Azerbaijan',0,'2002-10-14 07:07:26','2002-05-13 16:33:09',NULL),(8,'f','2008-04-03','Nitzscheport','Saint Helena',0,'1990-03-04 17:19:46','2008-04-10 13:06:56',NULL),(9,'m','1981-02-07','Kiehnside','Mongolia',0,'2017-12-22 21:31:54','2007-01-14 21:39:33',NULL),(10,'m','2016-09-14','D\'angelobury','Ireland',0,'2001-03-16 16:10:56','1993-06-16 04:53:20',NULL),(11,'f','2005-12-05','Wilfredoville','Gabon',0,'2008-07-03 23:17:25','1978-11-16 19:27:27',NULL),(12,'m','2012-04-25','Robbmouth','Bahamas',0,'1979-02-06 16:05:59','1998-11-29 07:17:55',NULL),(13,'m','1996-04-02','Feilport','Poland',0,'1981-03-06 10:01:20','1986-01-16 07:45:31',NULL),(14,'m','2012-09-05','Lake Tyree','Holy See (Vatican City State)',0,'1999-08-20 20:06:52','1978-06-02 07:17:10',NULL),(15,'f','2009-04-04','Nolanborough','Serbia',0,'2008-01-19 06:10:38','1985-07-29 10:52:31',NULL),(16,'m','1986-09-28','Deliabury','Norfolk Island',0,'1975-04-14 19:16:13','2020-02-20 01:23:04',NULL),(17,'f','1983-11-20','Pacochaville','Zimbabwe',0,'2015-01-09 21:31:26','1994-08-23 14:59:03',NULL),(18,'f','1970-06-21','Port Bulahstad','Netherlands Antilles',0,'1995-03-29 00:47:34','1971-06-10 03:21:14',NULL),(19,'m','2015-05-08','Zemlakside','Finland',0,'1985-02-23 02:38:06','1978-10-18 22:31:19',NULL),(20,'f','1997-04-24','East Rolando','Morocco',0,'1981-08-25 14:02:44','1997-02-12 05:37:46',NULL),(21,'f','1971-10-19','Hickleport','Saudi Arabia',0,'2014-06-09 23:52:23','1972-09-07 02:12:48',NULL),(22,'f','1997-09-07','Spencerfort','Cook Islands',0,'2016-07-20 01:10:54','1975-05-28 06:11:56',NULL),(23,'m','1979-09-28','Corrineton','Uganda',0,'1997-05-28 03:26:46','1985-03-07 18:40:00',NULL),(24,'f','2011-01-01','Wildermanshire','Micronesia',0,'2006-09-15 05:02:06','1971-05-02 10:15:09',NULL),(25,'f','2002-02-12','Lucindashire','Cayman Islands',0,'1989-08-17 14:16:32','1981-08-24 16:18:37',NULL),(26,'f','2016-11-15','South Eldora','Niue',0,'2007-05-08 10:01:35','2004-01-21 17:24:58',NULL),(27,'m','2015-06-21','New Garrettmouth','Libyan Arab Jamahiriya',0,'2011-07-31 09:31:26','1987-06-07 08:18:47',NULL),(28,'f','2019-10-12','East Lionel','Saint Vincent and the Grenadines',0,'1994-07-13 16:09:12','2000-07-13 12:28:01',NULL),(29,'f','2007-03-29','Meagantown','Hong Kong',0,'1991-01-16 04:08:38','1990-02-20 05:50:22',NULL),(30,'m','1984-04-18','West Elijah','Greenland',0,'1971-01-11 02:49:13','1998-12-06 08:06:18',NULL),(31,'m','1989-07-06','South Joesphchester','Nepal',0,'1995-11-12 15:57:46','1978-03-22 13:37:23',NULL),(32,'f','1978-02-16','Kuhnville','Germany',0,'2007-10-09 05:33:31','2019-11-19 06:03:04',NULL),(33,'f','1988-05-08','Carolannefurt','Armenia',0,'2002-08-01 22:02:40','2017-12-22 22:11:39',NULL),(34,'m','1992-06-26','Lake Dominique','Mexico',0,'1997-12-01 03:13:10','1997-10-12 23:45:15',NULL),(35,'m','2007-02-10','Boehmburgh','Grenada',0,'1988-07-05 06:46:54','1985-04-29 07:54:43',NULL),(36,'m','1980-02-20','Maxwellshire','Korea',0,'1976-02-13 22:21:36','1976-12-08 20:06:07',NULL),(37,'m','2013-08-27','West Devante','San Marino',0,'2002-03-25 03:41:52','1991-05-26 15:19:41',NULL),(38,'m','1978-11-26','West Rodrigomouth','Guatemala',0,'2001-03-02 00:54:39','2017-03-16 22:02:14',NULL),(39,'f','1994-08-03','Schoenview','Peru',0,'1970-02-09 02:52:35','1996-06-03 03:27:56',NULL),(40,'m','1972-12-09','McLaughlinland','Malta',0,'2010-06-24 22:06:29','1972-10-17 03:11:05',NULL),(41,'m','1989-02-06','Kadefurt','Denmark',0,'2015-08-02 19:26:33','2014-09-22 16:46:21',NULL),(42,'m','2017-07-31','Tillmanborough','Ecuador',0,'2017-12-29 11:57:13','1983-02-15 03:17:58',NULL),(43,'f','2001-01-30','Alexzanderport','Belize',0,'1998-05-07 07:24:41','2003-01-30 05:12:27',NULL),(44,'f','2001-04-23','Kathlynfurt','Georgia',0,'1980-01-31 17:14:08','1999-09-19 05:51:50',NULL),(45,'m','1993-08-17','Annabellberg','Bhutan',0,'1977-02-19 03:23:01','2016-08-12 03:38:44',NULL),(46,'f','1970-11-24','West Napoleonbury','Ukraine',0,'2015-11-03 11:15:40','1977-06-29 05:23:09',NULL),(47,'f','1978-04-28','Welchchester','Uganda',0,'1980-06-20 10:44:05','2003-10-28 08:46:32',NULL),(48,'f','1985-05-08','Ziemebury','Christmas Island',0,'1987-09-27 04:35:23','1983-06-15 08:46:31',NULL),(49,'f','1986-11-19','East Ralphland','Guernsey',0,'1981-09-12 23:10:46','1998-06-16 21:58:06',NULL),(50,'m','1985-12-25','New Keenanview','Central African Republic',0,'1999-10-16 14:45:41','1977-05-08 12:35:05',NULL),(51,'f','2012-03-07','Emardbury','Korea',0,'1971-02-08 07:58:51','2013-09-10 04:39:03',NULL),(52,'m','1995-04-11','Lake Deannafort','Sudan',0,'1999-06-09 21:32:24','2003-06-02 15:06:46',NULL),(53,'m','2017-02-07','Kadinshire','Swaziland',0,'1976-05-29 07:31:19','1971-08-17 03:59:15',NULL),(54,'f','1979-01-03','Taylortown','Korea',0,'1989-03-05 15:22:47','2015-07-28 21:48:03',NULL),(55,'f','2011-03-04','North Sabrinastad','Norway',0,'1972-06-21 00:48:36','2003-08-10 00:10:43',NULL),(56,'f','1999-08-12','Gottliebtown','Bhutan',0,'1985-10-25 17:15:08','1974-07-10 00:25:04',NULL),(57,'f','1992-01-12','Harveyfort','Barbados',0,'1986-04-25 11:48:39','1984-10-11 04:24:08',NULL),(58,'f','2011-11-12','South Bertrandburgh','Saudi Arabia',0,'1996-07-06 08:44:53','2013-05-24 01:13:32',NULL),(59,'m','2004-09-07','North Loyal','Georgia',0,'1992-03-11 12:42:32','2008-05-11 06:43:38',NULL),(60,'f','2000-06-18','Earnestinechester','Costa Rica',0,'2012-06-07 18:26:01','1990-12-26 03:53:58',NULL),(61,'f','2018-09-08','Amandaland','Lebanon',0,'1981-11-01 10:37:23','2015-04-29 12:19:12',NULL),(62,'m','2011-09-10','North Emmanuelle','Syrian Arab Republic',0,'1974-10-27 00:32:22','1972-03-04 04:19:42',NULL),(63,'m','1999-07-22','North Keshawnshire','Morocco',0,'1979-03-18 11:33:17','1992-03-26 08:04:33',NULL),(64,'m','2012-09-01','Jacquesside','Faroe Islands',0,'2009-07-03 09:07:01','1985-07-29 23:50:56',NULL),(65,'m','1980-09-03','Anikafurt','South Georgia and the South Sandwich Islands',0,'2003-09-07 11:14:14','2017-04-18 05:21:32',NULL),(66,'m','1973-06-07','Yundtbury','Iceland',0,'1972-09-25 22:24:33','1979-12-02 08:53:31',NULL),(67,'f','1994-04-06','Lake Ollie','Saudi Arabia',0,'1979-01-08 17:13:47','1986-07-16 09:53:55',NULL),(68,'f','1975-11-08','Wandaborough','Latvia',0,'1988-05-02 07:12:41','1987-05-24 21:20:15',NULL),(69,'m','2000-10-27','New Ryleefurt','Albania',0,'1986-06-03 18:20:14','1977-06-21 06:16:55',NULL),(70,'m','2009-11-15','Brownville','Nicaragua',0,'1970-03-21 02:59:43','1974-04-07 01:14:10',NULL),(71,'m','1976-03-14','New Oceaneborough','Malawi',0,'1972-12-24 12:42:25','1982-12-22 18:19:39',NULL),(72,'m','1983-03-09','McGlynnborough','Russian Federation',0,'1981-11-05 06:25:01','2014-08-20 01:12:12',NULL),(73,'f','1995-10-21','New Edmundborough','Brazil',0,'1984-10-05 19:37:01','1991-08-12 12:19:50',NULL),(74,'m','1998-04-17','Kesslershire','Niger',0,'2015-12-28 15:17:51','1979-02-13 02:59:04',NULL),(75,'f','1973-11-04','New Shyannview','El Salvador',0,'2008-04-09 21:09:43','2016-11-09 18:26:44',NULL),(76,'m','1985-04-11','Jerrodshire','Macedonia',0,'1983-08-22 04:03:31','2001-10-28 16:25:54',NULL),(77,'m','1979-05-23','Strackeside','Malaysia',0,'1998-10-18 17:24:52','1984-06-12 16:55:34',NULL),(78,'f','1977-08-21','Kyleburgh','San Marino',0,'1997-07-30 20:55:57','1988-03-17 21:43:27',NULL),(79,'f','2001-05-28','Alvisberg','Libyan Arab Jamahiriya',0,'2007-05-04 20:03:31','2019-11-23 04:22:24',NULL),(80,'m','1978-01-05','West Dahliaville','France',0,'2020-03-24 07:02:57','2003-04-19 13:38:19',NULL),(81,'f','1998-06-16','Berneicefort','Greece',0,'2002-09-07 17:47:10','1990-04-14 10:05:12',NULL),(82,'m','2015-04-01','South Kiel','Israel',0,'1981-03-03 19:43:10','1983-06-23 22:03:59',NULL),(83,'f','2015-09-15','Hahnmouth','Niger',0,'2005-01-11 10:17:44','1987-10-22 04:01:18',NULL),(84,'f','1987-08-31','O\'Keefemouth','Dominican Republic',0,'2002-04-09 07:35:44','1972-08-23 00:16:23',NULL),(85,'m','2005-10-03','New Davionville','Netherlands Antilles',0,'1996-11-02 22:43:11','1971-02-14 09:23:47',NULL),(86,'m','1985-12-19','Lake Camronborough','Japan',0,'2017-05-18 22:51:41','1978-12-02 08:59:01',NULL),(87,'f','2009-10-15','Port Monserratside','Brunei Darussalam',0,'2011-06-24 11:51:10','1983-12-12 21:19:45',NULL),(88,'m','1980-01-26','Declantown','Dominican Republic',0,'2009-01-29 15:22:48','1995-06-22 18:15:00',NULL),(89,'f','1979-05-24','North Garryberg','Gambia',0,'1978-04-20 08:29:37','2002-12-26 02:44:46',NULL),(90,'f','2006-08-29','Mathewstad','Panama',0,'2019-02-12 08:05:55','2012-11-25 02:48:08',NULL),(91,'m','1987-09-20','Craigland','Rwanda',0,'1972-01-03 03:35:50','2009-01-09 08:15:43',NULL),(92,'m','1973-07-29','New Katelynshire','Slovakia (Slovak Republic)',0,'2008-02-03 19:11:33','2006-03-02 06:04:31',NULL),(93,'m','1974-07-11','Markustown','Slovenia',0,'2006-06-22 11:36:31','2015-05-09 18:54:06',NULL),(94,'f','1996-05-26','North Sydnie','Belgium',0,'2000-10-26 04:57:24','1985-12-24 18:42:34',NULL),(95,'f','1980-12-22','Arturobury','Kazakhstan',0,'1989-06-29 04:39:47','2009-12-20 22:13:22',NULL),(96,'f','2002-11-03','Maddisonborough','Gibraltar',0,'1988-04-28 08:51:14','2002-06-07 05:34:39',NULL),(97,'m','1998-01-10','New Dustin','Bolivia',0,'1996-07-12 11:18:51','2000-09-25 19:37:28',NULL),(98,'f','1995-10-03','South Lenniebury','French Southern Territories',0,'1997-09-03 12:42:27','2012-05-27 03:29:30',NULL),(99,'f','1992-12-23','North Deloresmouth','Italy',0,'2002-12-17 22:21:11','1981-04-06 13:02:18',NULL),(100,'m','2016-06-27','Westmouth','Isle of Man',0,'1992-06-10 09:20:02','1978-11-23 00:56:40',NULL);
/*!40000 ALTER TABLE `profiles` ENABLE KEYS */;
UNLOCK TABLES;

--
-- Table structure for table `reactions`
--

DROP TABLE IF EXISTS `reactions`;
/*!40101 SET @saved_cs_client     = @@character_set_client */;
/*!50503 SET character_set_client = utf8mb4 */;
CREATE TABLE `reactions` (
  `id` int unsigned NOT NULL AUTO_INCREMENT,
  `reaction` varchar(20) DEFAULT NULL,
  PRIMARY KEY (`id`)
) ENGINE=InnoDB AUTO_INCREMENT=6 DEFAULT CHARSET=utf8mb4 COLLATE=utf8mb4_0900_ai_ci;
/*!40101 SET character_set_client = @saved_cs_client */;

--
-- Dumping data for table `reactions`
--

LOCK TABLES `reactions` WRITE;
/*!40000 ALTER TABLE `reactions` DISABLE KEYS */;
INSERT INTO `reactions` VALUES (1,'like'),(2,'dislike'),(3,'love'),(4,'crying'),(5,'angry');
/*!40000 ALTER TABLE `reactions` ENABLE KEYS */;
UNLOCK TABLES;

--
-- Table structure for table `target_types`
--

DROP TABLE IF EXISTS `target_types`;
/*!40101 SET @saved_cs_client     = @@character_set_client */;
/*!50503 SET character_set_client = utf8mb4 */;
CREATE TABLE `target_types` (
  `id` int unsigned NOT NULL AUTO_INCREMENT,
  `name` varchar(255) NOT NULL,
  `created_at` datetime DEFAULT CURRENT_TIMESTAMP,
  PRIMARY KEY (`id`),
  UNIQUE KEY `name` (`name`)
) ENGINE=InnoDB AUTO_INCREMENT=5 DEFAULT CHARSET=utf8mb4 COLLATE=utf8mb4_0900_ai_ci;
/*!40101 SET character_set_client = @saved_cs_client */;

--
-- Dumping data for table `target_types`
--

LOCK TABLES `target_types` WRITE;
/*!40000 ALTER TABLE `target_types` DISABLE KEYS */;
INSERT INTO `target_types` VALUES (1,'messages','2020-05-22 20:27:59'),(2,'users','2020-05-22 20:27:59'),(3,'media','2020-05-22 20:27:59'),(4,'posts','2020-05-22 20:27:59');
/*!40000 ALTER TABLE `target_types` ENABLE KEYS */;
UNLOCK TABLES;

--
-- Table structure for table `user_statuses`
--

DROP TABLE IF EXISTS `user_statuses`;
/*!40101 SET @saved_cs_client     = @@character_set_client */;
/*!50503 SET character_set_client = utf8mb4 */;
CREATE TABLE `user_statuses` (
  `id` int unsigned NOT NULL AUTO_INCREMENT,
  `name` varchar(150) NOT NULL,
  PRIMARY KEY (`id`),
  UNIQUE KEY `name` (`name`)
) ENGINE=InnoDB AUTO_INCREMENT=4 DEFAULT CHARSET=utf8mb4 COLLATE=utf8mb4_0900_ai_ci;
/*!40101 SET character_set_client = @saved_cs_client */;

--
-- Dumping data for table `user_statuses`
--

LOCK TABLES `user_statuses` WRITE;
/*!40000 ALTER TABLE `user_statuses` DISABLE KEYS */;
INSERT INTO `user_statuses` VALUES (1,'active'),(2,'blocked'),(3,'deleted');
/*!40000 ALTER TABLE `user_statuses` ENABLE KEYS */;
UNLOCK TABLES;

--
-- Table structure for table `users`
--

DROP TABLE IF EXISTS `users`;
/*!40101 SET @saved_cs_client     = @@character_set_client */;
/*!50503 SET character_set_client = utf8mb4 */;
CREATE TABLE `users` (
  `id` int unsigned NOT NULL AUTO_INCREMENT,
  `first_name` varchar(100) NOT NULL,
  `last_name` varchar(100) NOT NULL,
  `email` varchar(100) NOT NULL,
  `phone` varchar(100) NOT NULL,
  `status_id` int unsigned DEFAULT NULL,
  `created_at` datetime DEFAULT CURRENT_TIMESTAMP,
  `updated_at` datetime DEFAULT CURRENT_TIMESTAMP ON UPDATE CURRENT_TIMESTAMP,
  PRIMARY KEY (`id`),
  UNIQUE KEY `email` (`email`),
  UNIQUE KEY `phone` (`phone`),
  KEY `users_status_id_fk` (`status_id`),
  CONSTRAINT `users_status_id_fk` FOREIGN KEY (`status_id`) REFERENCES `user_statuses` (`id`) ON DELETE SET NULL
) ENGINE=InnoDB AUTO_INCREMENT=101 DEFAULT CHARSET=utf8mb4 COLLATE=utf8mb4_0900_ai_ci;
/*!40101 SET character_set_client = @saved_cs_client */;

--
-- Dumping data for table `users`
--

LOCK TABLES `users` WRITE;
/*!40000 ALTER TABLE `users` DISABLE KEYS */;
INSERT INTO `users` VALUES (1,'Gina','Dietrich','ryder35@example.com','+7(285) 082-30-30',1,'1983-06-17 12:19:01','1984-10-30 06:04:02'),(2,'Linda','Brown','uprosacco@example.com','+7(540) 190-09-21',1,'2017-11-18 10:17:09','2020-05-13 14:23:18'),(3,'Jed','Kuphal','alana.prohaska@example.org','+7(919) 709-91-04',1,'1976-04-19 04:12:23','1980-01-02 23:46:13'),(4,'Constantin','Quitzon','melvina34@example.com','+7(292) 973-96-70',1,'1981-04-07 03:20:03','1999-06-23 12:06:43'),(5,'Emmalee','Kub','dmohr@example.org','+7(971) 284-97-33',1,'2011-09-29 09:28:47','2020-05-13 14:23:18'),(6,'Guy','Weber','vstrosin@example.org','+7(925) 366-84-30',1,'2002-07-18 05:56:42','2020-05-13 14:23:18'),(7,'Abe','Cole','walsh.lindsey@example.org','+7(176) 048-20-68',1,'1987-08-13 01:41:53','2020-05-13 14:23:18'),(8,'Audrey','Kohler','vrippin@example.org','+7(384) 440-47-80',1,'2010-06-29 00:01:10','2012-03-10 05:25:04'),(9,'Myrtis','Hauck','rkerluke@example.org','+7(196) 803-68-43',1,'1975-07-13 01:26:46','2014-11-12 07:02:08'),(10,'Shane','Hauck','wintheiser.ignacio@example.net','+7(803) 615-13-96',1,'1977-05-04 20:36:18','1993-11-12 21:26:00'),(11,'Colin','Auer','timmy70@example.net','+7(437) 549-51-24',1,'1990-05-12 19:55:35','2020-05-13 14:23:18'),(12,'Alverta','Dietrich','jacklyn09@example.com','+7(750) 217-98-05',1,'1987-01-06 06:04:35','2020-05-13 14:23:18'),(13,'Abigayle','Medhurst','hodkiewicz.alysa@example.org','+7(742) 678-78-01',1,'1983-10-04 03:36:51','2020-05-13 14:23:18'),(14,'Donnie','Kub','jlemke@example.com','+7(076) 754-72-18',1,'2006-12-10 13:06:22','2020-05-13 14:23:18'),(15,'Cynthia','Terry','allene55@example.com','+7(952) 072-64-17',1,'1998-01-02 23:33:43','2010-08-12 05:51:01'),(16,'Emmie','Moen','sasha.bayer@example.org','+7(018) 538-44-91',1,'1983-05-13 10:05:38','2001-05-01 17:34:17'),(17,'Einar','Grady','mweissnat@example.net','+7(052) 554-64-08',1,'1986-02-09 13:55:26','1987-06-19 14:36:03'),(18,'Cayla','Goodwin','llewellyn.hudson@example.org','+7(076) 610-26-24',1,'1983-06-20 14:41:09','2011-04-17 12:00:14'),(19,'Mortimer','Kautzer','savanah.corwin@example.org','+7(203) 560-62-92',1,'1986-07-01 02:45:46','1994-11-17 09:08:25'),(20,'Branson','Douglas','fthiel@example.com','+7(355) 497-28-84',1,'1972-12-04 08:48:47','2003-08-25 20:51:10'),(21,'Elton','Ritchie','po\'connell@example.com','+7(645) 186-75-32',1,'2011-03-09 12:01:39','2020-05-13 14:23:18'),(22,'Alberta','Prosacco','dorris85@example.net','+7(150) 835-15-56',1,'1991-02-02 07:51:08','2004-09-21 21:08:48'),(23,'Richie','Breitenberg','hbalistreri@example.net','+7(786) 080-38-98',1,'1999-03-02 06:39:33','2009-02-27 12:11:35'),(24,'Terrance','Crooks','baumbach.vernie@example.com','+7(036) 816-65-62',1,'1978-05-21 09:12:09','1985-09-28 19:57:23'),(25,'Zora','Prosacco','aron39@example.org','+7(147) 169-15-31',1,'1995-01-27 10:29:43','2020-05-13 14:23:18'),(26,'Dahlia','Leannon','judy.satterfield@example.com','+7(487) 747-62-17',1,'2010-07-19 10:39:31','2013-11-10 21:53:34'),(27,'Rhett','Ankunding','aubree46@example.org','+7(517) 432-17-81',1,'1982-03-09 02:00:03','2003-06-18 07:13:39'),(28,'Kyra','McCullough','willie89@example.com','+7(551) 891-20-40',1,'1971-09-28 10:01:03','1995-01-17 22:29:50'),(29,'Nicolette','Brown','obradtke@example.com','+7(779) 870-00-26',1,'1981-09-06 08:03:06','2020-05-13 14:23:18'),(30,'Arch','Fisher','wiegand.salma@example.net','+7(758) 946-78-23',1,'1977-06-02 18:35:41','2020-05-13 14:23:18'),(31,'Alford','D\'Amore','jaylon.wisoky@example.org','+7(275) 090-03-15',1,'1972-10-12 18:23:41','1974-03-22 09:12:45'),(32,'Heaven','Schoen','vspinka@example.net','+7(792) 146-85-84',1,'1976-09-22 08:09:08','1985-08-08 16:01:52'),(33,'Kacey','Christiansen','toy.ciara@example.net','+7(838) 410-66-91',1,'1998-08-12 12:01:19','2020-05-13 14:23:18'),(34,'Isadore','Schuster','anabelle77@example.org','+7(718) 079-90-25',1,'1977-03-20 18:58:38','1988-12-26 18:13:12'),(35,'Aileen','Kulas','syundt@example.org','+7(609) 725-07-60',1,'1991-11-09 17:48:04','2017-04-15 16:58:25'),(36,'Bridget','Franecki','dwight.wilkinson@example.net','+7(113) 284-24-92',1,'1973-06-02 01:46:15','2020-05-13 14:23:18'),(37,'Jaydon','Fay','timothy59@example.net','+7(424) 344-00-21',1,'2012-08-17 13:20:18','2020-05-13 14:23:18'),(38,'Sophia','Friesen','gianni69@example.org','+7(558) 652-95-33',1,'1978-03-03 23:54:46','2020-05-13 14:23:18'),(39,'Hans','Bogan','koby.schiller@example.net','+7(829) 850-41-71',1,'1986-12-09 07:34:34','2020-05-13 14:23:18'),(40,'Corine','Sipes','rquitzon@example.org','+7(584) 863-56-01',1,'1970-07-19 08:49:08','1974-04-24 06:03:36'),(41,'Modesta','Olson','theodore95@example.org','+7(526) 776-92-75',1,'1994-12-27 00:03:46','2006-09-20 08:29:41'),(42,'Haven','Gutmann','xjacobi@example.com','+7(533) 168-04-64',1,'1978-07-17 20:50:10','2020-05-13 14:23:18'),(43,'Mariane','Schinner','swaniawski.deanna@example.com','+7(680) 825-05-44',1,'2017-09-08 11:02:28','2020-05-13 14:23:18'),(44,'Casimer','Schmitt','delbert17@example.org','+7(387) 935-93-73',1,'1996-07-09 22:07:15','2020-05-13 14:23:18'),(45,'Carolyne','Keeling','bartoletti.cordia@example.org','+7(294) 296-14-86',1,'1970-06-16 02:55:47','2019-04-20 06:12:08'),(46,'Cheyenne','Schimmel','zfritsch@example.org','+7(235) 711-30-09',1,'1975-07-07 00:18:16','2017-08-01 06:46:39'),(47,'Lorenza','Stroman','hegmann.eudora@example.org','+7(757) 804-06-85',1,'1970-09-06 15:01:35','2020-05-13 14:23:18'),(48,'Alf','Deckow','khudson@example.net','+7(702) 278-09-61',1,'2003-02-02 00:36:34','2020-05-13 14:23:18'),(49,'Marianne','Lockman','autumn.durgan@example.net','+7(523) 810-57-80',1,'2002-05-01 17:55:52','2020-05-13 14:23:18'),(50,'Alvis','Haag','brooke36@example.com','+7(540) 974-92-15',1,'1974-11-07 10:17:24','2011-06-03 17:47:45'),(51,'Antonina','Graham','ujohnston@example.org','+7(427) 784-59-65',1,'1989-11-26 19:34:49','2014-02-15 09:13:02'),(52,'Emmitt','Harvey','peggie.hane@example.com','+7(043) 996-16-19',1,'1976-04-03 23:55:32','1984-01-04 04:36:19'),(53,'Hershel','Lang','hane.loy@example.com','+7(066) 010-02-99',1,'1990-10-09 19:52:02','2008-02-21 18:53:00'),(54,'Yadira','Jast','misael.morissette@example.net','+7(917) 050-80-84',1,'1992-03-11 17:12:48','2009-05-02 13:24:29'),(55,'Gregg','DuBuque','qrohan@example.net','+7(848) 976-09-76',1,'2009-12-28 06:38:29','2020-05-13 14:23:18'),(56,'Destin','Koss','vsmitham@example.net','+7(148) 395-22-42',1,'1992-10-20 15:36:40','2020-05-13 14:23:18'),(57,'Etha','Fay','weldon.tillman@example.net','+7(589) 792-30-05',1,'2011-08-27 03:25:59','2020-05-13 14:23:18'),(58,'Adolf','Torp','west.kennedy@example.com','+7(668) 804-80-65',1,'1983-03-04 16:59:19','2012-03-10 12:31:22'),(59,'Wilmer','Kub','xspinka@example.com','+7(699) 890-62-29',1,'1983-10-27 00:18:19','2004-03-26 19:09:11'),(60,'Amari','Jacobs','ebert.frieda@example.com','+7(652) 443-89-82',1,'2006-07-29 17:57:34','2020-05-13 14:23:18'),(61,'Ila','Williamson','bcummerata@example.com','+7(206) 786-73-66',1,'1991-04-06 17:36:13','2020-05-13 14:23:18'),(62,'Meggie','Spinka','corrine33@example.net','+7(112) 967-19-71',1,'1992-07-19 03:03:34','2006-01-17 01:36:58'),(63,'Collin','Dibbert','alabadie@example.org','+7(975) 241-92-23',1,'1982-02-27 02:54:10','2009-01-16 05:45:08'),(64,'Ruby','Simonis','awilderman@example.org','+7(027) 666-60-02',1,'1988-03-18 21:56:51','2020-05-13 14:23:18'),(65,'Nicola','Bernhard','zreichel@example.com','+7(763) 003-14-91',1,'1974-01-14 21:23:46','2016-02-03 22:02:47'),(66,'Breana','Ward','pagac.mertie@example.com','+7(458) 823-18-92',1,'2004-07-16 06:53:59','2020-05-13 14:23:18'),(67,'Giles','Beier','wendell92@example.net','+7(088) 996-53-76',1,'1992-12-05 13:37:04','2020-05-13 14:23:18'),(68,'Leanna','Metz','parisian.carley@example.com','+7(857) 978-15-21',1,'2018-03-28 04:54:45','2020-05-13 14:23:18'),(69,'Agustina','Spinka','sandrine89@example.net','+7(837) 167-03-45',1,'2009-02-22 18:43:31','2020-05-13 14:23:18'),(70,'Kenyatta','Schneider','durgan.fabian@example.org','+7(530) 169-89-82',1,'1972-01-04 13:57:09','1990-10-19 12:52:49'),(71,'Keenan','Predovic','roberts.cordia@example.net','+7(783) 650-70-46',1,'1988-01-18 07:15:25','2008-01-02 13:35:36'),(72,'Brody','Friesen','volson@example.org','+7(819) 804-66-56',1,'1992-05-14 11:04:59','2020-05-13 14:23:18'),(73,'Floy','Erdman','wyatt.collins@example.org','+7(127) 501-61-77',1,'1986-07-25 23:47:41','2020-05-13 14:23:18'),(74,'Rashawn','Bahringer','nolan.nakia@example.com','+7(741) 628-39-07',1,'1998-01-06 20:01:11','2020-05-13 14:23:18'),(75,'Brandyn','Leuschke','josiane.hackett@example.net','+7(595) 980-58-11',1,'2005-05-17 20:09:14','2020-05-13 14:23:18'),(76,'Janie','Zieme','adickens@example.com','+7(325) 791-47-55',1,'2007-01-21 18:45:44','2020-05-13 14:23:18'),(77,'Cary','Little','susanna64@example.net','+7(358) 476-68-09',1,'1994-09-07 03:33:26','2004-05-16 05:25:50'),(78,'Adrianna','Lowe','madelyn.fritsch@example.com','+7(969) 182-21-43',1,'1991-04-07 01:40:34','2020-05-13 14:23:18'),(79,'Ward','Goodwin','fritz92@example.org','+7(419) 767-19-30',1,'2012-04-11 02:26:27','2020-05-13 14:23:18'),(80,'Tiffany','Williamson','lon09@example.net','+7(051) 788-05-58',1,'1980-07-14 05:26:09','1999-02-25 20:22:59'),(81,'Brock','Smith','zjast@example.org','+7(839) 352-10-88',1,'2014-06-30 01:47:43','2020-05-13 14:23:18'),(82,'Kristin','Konopelski','kiarra.tremblay@example.com','+7(590) 048-59-87',1,'1990-09-22 16:17:13','2007-01-05 13:19:15'),(83,'Forest','Hoppe','cletus.conroy@example.com','+7(022) 041-99-93',1,'2006-03-15 13:51:26','2013-03-12 12:19:28'),(84,'Minerva','Torphy','coby54@example.net','+7(983) 717-15-44',1,'1974-02-16 06:50:57','1991-03-05 14:29:24'),(85,'Chris','Morar','dhoeger@example.org','+7(453) 796-29-27',1,'2013-04-10 07:08:24','2020-05-13 14:23:18'),(86,'Gilberto','Dare','vada17@example.org','+7(223) 469-58-91',1,'2009-11-22 16:23:10','2020-05-13 14:23:18'),(87,'Darlene','Abbott','gardner81@example.com','+7(324) 787-63-44',1,'2002-01-29 19:11:36','2015-02-14 00:28:50'),(88,'Addison','Schmitt','evangeline64@example.com','+7(431) 158-79-74',1,'1973-11-24 21:31:55','1979-10-23 00:19:22'),(89,'Shad','Powlowski','norval.yost@example.net','+7(874) 929-77-29',1,'2008-11-12 01:34:44','2018-03-13 00:46:40'),(90,'Euna','Rath','lockman.nichole@example.net','+7(464) 771-66-72',1,'1992-12-11 17:30:47','2010-08-26 07:41:29'),(91,'Christina','Schaefer','aschumm@example.org','+7(550) 329-55-61',1,'1978-01-17 04:13:51','1988-06-12 12:09:36'),(92,'Rahul','Nikolaus','nherman@example.net','+7(479) 880-07-75',1,'2009-08-17 01:40:49','2020-05-13 14:23:18'),(93,'Milton','Huels','sydni.padberg@example.org','+7(079) 693-76-25',1,'1996-12-13 17:38:01','2020-05-13 14:23:18'),(94,'Margot','Wilderman','nosinski@example.org','+7(709) 887-68-36',1,'1971-10-21 07:43:29','1975-08-22 21:05:39'),(95,'Wyman','Roberts','friesen.augustus@example.org','+7(663) 838-36-96',1,'2020-01-07 23:19:43','2020-05-13 14:23:18'),(96,'Khalid','Greenholt','else.roob@example.net','+7(018) 256-35-93',1,'1992-10-25 10:00:21','2020-05-13 14:23:18'),(97,'Peter','Miller','ckoepp@example.org','+7(300) 919-50-95',1,'2002-09-18 19:51:48','2020-05-13 14:23:18'),(98,'Clara','Roob','edietrich@example.com','+7(900) 637-75-96',1,'1988-03-14 07:46:21','2020-05-13 14:23:18'),(99,'Lavern','Haley','berry.ankunding@example.org','+7(763) 227-04-62',1,'1979-02-25 19:37:31','1983-08-18 11:41:39'),(100,'Keyshawn','Cassin','ebode@example.net','+7(569) 925-97-52',1,'1994-04-16 11:21:11','2001-10-12 02:06:25');
/*!40000 ALTER TABLE `users` ENABLE KEYS */;
UNLOCK TABLES;

--
-- Table structure for table `users_links`
--

DROP TABLE IF EXISTS `users_links`;
/*!40101 SET @saved_cs_client     = @@character_set_client */;
/*!50503 SET character_set_client = utf8mb4 */;
CREATE TABLE `users_links` (
  `user_id` int unsigned NOT NULL,
  `link` varchar(150) NOT NULL,
  UNIQUE KEY `link` (`link`),
  KEY `users_links_user_id_fk` (`user_id`),
  CONSTRAINT `users_links_user_id_fk` FOREIGN KEY (`user_id`) REFERENCES `users` (`id`) ON DELETE CASCADE
) ENGINE=InnoDB DEFAULT CHARSET=utf8mb4 COLLATE=utf8mb4_0900_ai_ci;
/*!40101 SET character_set_client = @saved_cs_client */;

--
-- Dumping data for table `users_links`
--

LOCK TABLES `users_links` WRITE;
/*!40000 ALTER TABLE `users_links` DISABLE KEYS */;
/*!40000 ALTER TABLE `users_links` ENABLE KEYS */;
UNLOCK TABLES;
/*!40103 SET TIME_ZONE=@OLD_TIME_ZONE */;

/*!40101 SET SQL_MODE=@OLD_SQL_MODE */;
/*!40014 SET FOREIGN_KEY_CHECKS=@OLD_FOREIGN_KEY_CHECKS */;
/*!40014 SET UNIQUE_CHECKS=@OLD_UNIQUE_CHECKS */;
/*!40101 SET CHARACTER_SET_CLIENT=@OLD_CHARACTER_SET_CLIENT */;
/*!40101 SET CHARACTER_SET_RESULTS=@OLD_CHARACTER_SET_RESULTS */;
/*!40101 SET COLLATION_CONNECTION=@OLD_COLLATION_CONNECTION */;
/*!40111 SET SQL_NOTES=@OLD_SQL_NOTES */;

-- Dump completed on 2020-05-22 23:13:51
